fecha,jugador,equipo,valor
2026-10-01,Aaron Ndive Mayol Mayol,Valencia,954000
2026-10-01,Aarón Martín Aarón,Racing,160000
2026-10-01,Aarón Ochoa Ochoa,Málaga,160000
2026-10-01,Abde Ezzalzouli Abde,Betis,13396000
2026-10-01,Abde Rebbach Rebbach,Alavés,1682000
2026-10-01,Abdel Abqar Abqar,Getafe,210000
2026-10-01,Abdoulaye Faye Faye,Celta,160000
2026-10-01,Abel Bretones Bretones,Osasuna,2044000
2026-10-01,Abiel Osorio Osorio,Elche,829000
2026-10-01,Adam Aznou Aznou,Málaga,160000
2026-10-01,Adam Boayar Adam Boayar,Elche,169000
2026-10-01,Adama Traoré A. Traoré,Deportivo,3650000
2026-10-01,Ademola Lookman Lookman,Atlético,10076000
2026-10-01,Adrià Altimira Altimira,Deportivo,824000
2026-10-01,Adrià Pedrosa Pedrosa,Rayo,1784000
2026-10-01,Adrián Niño Niño,Málaga,830000
2026-10-01,Adrián Rodríguez Adrián,Alavés,180000
2026-10-01,Adrián de la Fuente De la Fuente,Levante,10017000
2026-10-01,Aihen Muñoz Aihen,Real Sociedad,191000
2026-10-01,Aimar Oroz Oroz,Osasuna,1840000
2026-10-01,Aissa Mandi Mandi,Levante,4599000
2026-10-01,Aitor Fernández Aitor,Osasuna,1012000
2026-10-01,Aitor Mañas Aitor Mañas,Alavés,173000
2026-10-01,Aitor Paredes Paredes,Athletic,5668000
2026-10-01,Aitor Ruibal Ruibal,Betis,264000
2026-10-01,Alassane Diatta Diatta,Villarreal,160000
2026-10-01,Alberto Moleiro Moleiro,Villarreal,11726000
2026-10-01,Alberto Risco Risco,Getafe,160000
2026-10-01,Aleix Febas Febas,Celta,7172000
2026-10-01,Alejandro Balde Balde,Barcelona,1863000
2026-10-01,Alejandro Catena Catena,Osasuna,7596000
2026-10-01,Alejandro Iturbe Iturbe,Elche,187000
2026-10-01,Alejandro Rego Rego,Athletic,173000
2026-10-01,Alemão Alemão,Rayo,764000
2026-10-01,Alex Freeman Freeman,Villarreal,1794000
2026-10-01,Alex Marchal Marchal,Real Sociedad,160000
2026-10-01,Alex Padilla Padilla,Athletic,195000
2026-10-01,Alexander Sorloth Sörloth,Atlético,4011000
2026-10-01,Alfonso González Alfon,Sevilla,193000
2026-10-01,Alfonso Herrero Herrero,Málaga,9096000
2026-10-01,Ali Houary Ali Houary,Elche,160000
2026-10-01,Aliou Dieng Dieng,Valencia,526000
2026-10-01,Altay Bayindir Bayindir,Celta,160000
2026-10-01,Ander Barrenetxea Barrenetxea,Real Sociedad,8184000
2026-10-01,Ander Guevara Guevara,Alavés,436000
2026-10-01,Andoni Gorosabel Gorosabel,Espanyol,160000
2026-10-01,Andreas Christensen A. Christensen,Barcelona,2736000
2026-10-01,Andrei Ratiu Ratiu,Rayo,8159000
2026-10-01,Andriy Lunin Lunin,Real Madrid,191000
2026-10-01,André Almeida Almeida,Racing,1063000
2026-10-01,Andrés Antañón Antañón,Celta,160000
2026-10-01,Andrés Castrín Castrín,Sevilla,4509000
2026-10-01,Andrés García Andrés García,Getafe,3646000
2026-10-01,Andrés Martín Andrés Martín,Racing,2970000
2026-10-01,Angel Recio Recio,Málaga,1780000
2026-10-01,Angeliño Angeliño,Deportivo,985000
2026-10-01,Antal Yaakobishvili Yaakobishvili,Atlético,292000
2026-10-01,Ante Budimir Budimir,Osasuna,16596000
2026-10-01,Anthony Gordon Gordon,Barcelona,14890000
2026-10-01,Antonio Blanco Blanco,Alavés,6133000
2026-10-01,Antonio Rüdiger Rüdiger,Real Madrid,6458000
2026-10-01,Antonio Sivera Sivera,Alavés,10614000
2026-10-01,Antony Antony,Betis,14818000
2026-10-01,Arda Güler Güler,Real Madrid,15603000
2026-10-01,Arkaitz Mariezkurrena Mariezkurrena,Real Sociedad,160000
2026-10-01,Arnau Comas Comas,Deportivo,160000
2026-10-01,Arnau Martínez Arnau,Valencia,2170000
2026-10-01,Arnau Ortiz Ortiz,Atlético,516000
2026-10-01,Arnaut Danjuma Danjuma,Valencia,5648000
2026-10-01,Arouna Sangante Sangante,Sevilla,260000
2026-10-01,Arsen Zakharyan Zakharyan,Real Sociedad,196000
2026-10-01,Asier Osambela Osambela,Osasuna,384000
2026-10-01,Asier Villalibre Villalibre,Racing,1480000
2026-10-01,Augusto Batalla Batalla,Rayo,1877000
2026-10-01,Aurélien Tchouaméni Tchouaméni,Real Madrid,9604000
2026-10-01,Axel Tape Tape,Levante,160000
2026-10-01,Aymeric Laporte Laporte,Athletic,10972000
2026-10-01,Ayoze Pérez Ayoze,Villarreal,6504000
2026-10-01,Bambo Diaby Bambo,Elche,182000
2026-10-01,Bernardo Silva Bernardo Silva,Real Madrid,9618000
2026-10-01,Beñat Gerenabarrena Gerenabarrena,Athletic,2332000
2026-10-01,Beñat Prados Prados,Athletic,160000
2026-10-01,Beñat Turrientes Turrientes,Real Sociedad,1829000
2026-10-01,Bil Nsongo Bil Nsongo,Deportivo,5863000
2026-10-01,Borja Iglesias Iglesias,Celta,5989000
2026-10-01,Borja Mayoral Mayoral,Getafe,179000
2026-10-01,Boyomo Boyomo,Osasuna,2326000
2026-10-01,Brahim Díaz Brahim,Real Madrid,2231000
2026-10-01,Brian Fariñas Fariñas,Barcelona,183000
2026-10-01,Bright Ede Ede,Deportivo,631000
2026-10-01,Bryan Zaragoza Bryan,Espanyol,6805000
2026-10-01,Buba Sangaré Sangaré,Elche,2860000
2026-10-01,Carl Starfelt Starfelt,Celta,3376000
2026-10-01,Carles Aleñá Aleñá,Alavés,186000
2026-10-01,Carlos Ballestero Ballestero,Alavés,160000
2026-10-01,Carlos Benavidez Protesoni,Alavés,227000
2026-10-01,Carlos Dotor Dotor,Málaga,2816000
2026-10-01,Carlos Espí Carlos Espí,Real Madrid,9817000
2026-10-01,Carlos López Carlos López,Málaga,201000
2026-10-01,Carlos Macià Carlos Macià,Villarreal,309000
2026-10-01,Carlos Puga Puga,Málaga,2594000
2026-10-01,Carlos Romero Romero,Villarreal,7220000
2026-10-01,Carlos Soler Carlos Soler,Real Sociedad,8390000
2026-10-01,Chidera Ejuke Ejuke,Sevilla,4793000
2026-10-01,Christantus Uche Uche,Getafe,1278000
2026-10-01,Chupete Chupete,Málaga,5080000
2026-10-01,Clemens Riedel Riedel,Espanyol,1012000
2026-10-01,Coke Carrillo Carrillo,Celta,160000
2026-10-01,Couhaib Driouech Driouech,Celta,198000
2026-10-01,Cristian Rivero Rivero,Valencia,210000
2026-10-01,Cristian Romero Romero,Atlético,10385000
2026-10-01,Cucho Hernández Cucho,Betis,10206000
2026-10-01,César Tárrega Tárrega,Valencia,1641000
2026-10-01,Dakonam Djené Djené,Getafe,3768000
2026-10-01,Dani Barcia Barcia,Deportivo,160000
2026-10-01,Dani Ceballos Ceballos,Betis,1844000
2026-10-01,Dani Cárdenas Cárdenas,Rayo,1074000
2026-10-01,Dani Díaz Dani Díaz,Real Sociedad,160000
2026-10-01,Dani Lorenzo Lorenzo,Málaga,3616000
2026-10-01,Dani Martínez Dani Martínez,Atlético,210000
2026-10-01,Dani Olmo Olmo,Barcelona,15031000
2026-10-01,Dani Requena Requena,Levante,197000
2026-10-01,Dani Vivian Vivian,Athletic,1052000
2026-10-01,Daniel Raba Raba,Valencia,217000
2026-10-01,Daniel Yáñez Yáñez,Real Madrid,170000
2026-10-01,David Hancko Hancko,Atlético,9956000
2026-10-01,David Larrubia Larrubia,Málaga,7103000
2026-10-01,David Mella Mella,Deportivo,364000
2026-10-01,David Otorbi Otorbi,Valencia,1124000
2026-10-01,David Soria Soria,Getafe,10501000
2026-10-01,Davinchi Davinchi,Getafe,160000
2026-10-01,Dean Huijsen Huijsen,Real Madrid,9584000
2026-10-01,Denis Suárez Denis Suárez,Alavés,1978000
2026-10-01,Denzel Dumfries Dumfries,Real Madrid,6874000
2026-10-01,Diego Aguado D. Aguado,Real Madrid,160000
2026-10-01,Diego Conde Conde,Betis,160000
2026-10-01,Diego Javier Llorente D. Llorente,Betis,1862000
2026-10-01,Diego López Diego López,Valencia,164000
2026-10-01,Diego Murillo Murillo,Málaga,160000
2026-10-01,Diego Rico Diego Rico,Osasuna,274000
2026-10-01,Diego Villares Villares,Deportivo,558000
2026-10-01,Dimitri Foulquier Foulquier,Valencia,186000
2026-10-01,Dominik Livakovic Livakovic,Barcelona,914000
2026-10-01,Edu Expósito Edu Expósito,Espanyol,10238000
2026-10-01,Eduardo Camavinga Camavinga,Real Madrid,4052000
2026-10-01,Einar Galilea Galilea,Málaga,2249000
2026-10-01,Emil Audero Audero,Rayo,1559000
2026-10-01,Endrick Endrick,Real Madrid,475000
2026-10-01,Eneko Jauregi Jauregi,Málaga,163000
2026-10-01,Enes Ünal Enes Ünal,Getafe,5234000
2026-10-01,Enzo Bardelli Bardeli,Levante,2053000
2026-10-01,Eric Garcia Eric Garcia,Barcelona,13929000
2026-10-01,Ezequiel Ponce Ponce,Elche,160000
2026-10-01,Facundo Bernal Bernal,Betis,3449000
2026-10-01,Facundo Buonanotte Buonanotte,Elche,1676000
2026-10-01,Facundo Garcés Garcés,Alavés,160000
2026-10-01,Facundo González Facu González,Racing,520000
2026-10-01,Federico Redondo Redondo,Elche,175000
2026-10-01,Federico Valverde Valverde,Real Madrid,14422000
2026-10-01,Ferland Mendy Mendy,Real Madrid,160000
2026-10-01,Fermín López Fermín,Barcelona,17787000
2026-10-01,Fernando Calero Calero,Málaga,286000
2026-10-01,Fernando Niño Fer Niño,Elche,5528000
2026-10-01,Ferran Jutglà Jutglà,Celta,6988000
2026-10-01,Filip Ugrinic Ugrinic,Valencia,1189000
2026-10-01,Florian Lejeune Lejeune,Rayo,5966000
2026-10-01,Fran García Fran García,Betis,7387000
2026-10-01,Fran González Fran González,Sevilla,160000
2026-10-01,Fran Pérez Fran Pérez,Rayo,188000
2026-10-01,Francho Serrano Francho,Getafe,401000
2026-10-01,Frenkie de Jong F. de Jong,Barcelona,2104000
2026-10-01,Fábio Cardoso Cardoso,Sevilla,160000
2026-10-01,Félix Correia Félix Correia,Sevilla,1683000
2026-10-01,Gabriel Jesus Gabriel Jesús,Barcelona,6289000
2026-10-01,Gabriel Moscardo Moscardo,Espanyol,509000
2026-10-01,Gabriel Suazo Suazo,Sevilla,5346000
2026-10-01,Georges Mikautadze Mikautadze,Villarreal,12582000
2026-10-01,Georgiy Tsitaishvili Tsitaishvili,Rayo,581000
2026-10-01,Gerard Martín Martín,Barcelona,10656000
2026-10-01,Gerard Moreno Gerard,Villarreal,13519000
2026-10-01,Germán Parreño,Deportivo,167000
2026-10-01,Germán Valera Valera,Elche,7927000
2026-10-01,Giacomo Quagliata Quagliata,Deportivo,5132000
2026-10-01,Giorgi Guliashvili Guliashvili,Racing,160000
2026-10-01,Giorgi Kochorashvili Kochorashvili,Sevilla,1793000
2026-10-01,Giovani Lo Celso Lo Celso,Betis,2670000
2026-10-01,Giuliano Simeone Giuliano,Atlético,10371000
2026-10-01,Gnangoro Bouare Bouare,Rayo,344000
2026-10-01,Gonzalo Villar Villar,Elche,5289000
2026-10-01,Gonçalo Guedes Guedes,Real Sociedad,5778000
2026-10-01,Gorka Carrera Carrera,Real Sociedad,160000
2026-10-01,Gorka Guruzeta Guruzeta,Athletic,2610000
2026-10-01,Grady Diangana Diangana,Elche,180000
2026-10-01,Guido Rodríguez Guido,Valencia,7779000
2026-10-01,Haitam Abaida Haitam,Málaga,183000
2026-10-01,Hamza Abdelkarim Abdelkarim,Barcelona,842000
2026-10-01,Harvey Elliott Elliott,Valencia,2907000
2026-10-01,Hugo Burcio Burcio,Celta,183000
2026-10-01,Hugo Duro Duro,Valencia,2969000
2026-10-01,Hugo González Hugo González,Celta,1396000
2026-10-01,Hugo Novoa Novoa,Alavés,210000
2026-10-01,Hugo Rincón Rincón,Athletic,169000
2026-10-01,Hugo Sotelo Sotelo,Levante,188000
2026-10-01,Hugo Álvarez Hugo Álvarez,Celta,954000
2026-10-01,Héctor Bellerín Bellerín,Betis,6040000
2026-10-01,Héctor Fort Fort,Real Sociedad,1050000
2026-10-01,Iago Aspas Aspas,Celta,3491000
2026-10-01,Ibrahima Konaté Konaté,Real Madrid,9386000
2026-10-01,Ifeanyi Ndukwe Ndukwe,Levante,181000
2026-10-01,Igor Zubeldia Zubeldia,Real Sociedad,2141000
2026-10-01,Iker Córdoba Córdoba,Valencia,160000
2026-10-01,Iker Losada Losada,Betis,160000
2026-10-01,Iker Luque Luque,Racing,160000
2026-10-01,Iker Muñoz Iker Muñoz,Osasuna,2326000
2026-10-01,Ilaix Moriba Moriba,Celta,5301000
2026-10-01,Ilias Akhomach Akhomach,Villarreal,1113000
2026-10-01,Ionut Radu Radu,Celta,9907000
2026-10-01,Isaac Romero Romero,Sevilla,2968000
2026-10-01,Isco Alarcón Isco,Betis,9959000
2026-10-01,Isi Palazón Isi,Rayo,3757000
2026-10-01,Iván Azón Iván Azón,Getafe,1367000
2026-10-01,Iván Balliu Balliu,Rayo,220000
2026-10-01,Iván Martín Iván Martín,Racing,2557000
2026-10-01,Iván Romero Iván Romero,Levante,6844000
2026-10-01,Iván Villar Iván Villar,Celta,177000
2026-10-01,Izan Merino Merino,Málaga,1074000
2026-10-01,Iñaki Rupérez Rupérez,Real Sociedad,165000
2026-10-01,Iñaki Williams I. Williams,Athletic,5424000
2026-10-01,Iñigo Arguibide Arguibide,Osasuna,1364000
2026-10-01,Iñigo Vicente Iñigo Vicente,Racing,10051000
2026-10-01,Jairo Noriega Noriega,Deportivo,165000
2026-10-01,Jan Oblak Oblak,Atlético,10128000
2026-10-01,Javi Galán Galán,Celta,2355000
2026-10-01,Javi Guerra Javi Guerra,Valencia,5367000
2026-10-01,Javi Morcillo Morcillo,Elche,962000
2026-10-01,Javi Puado Puado,Espanyol,614000
2026-10-01,Javi Rodríguez Javi Rodríguez,Celta,1150000
2026-10-01,Javi Rueda Rueda,Celta,3820000
2026-10-01,Jean Ives Valou Valou,Getafe,182000
2026-10-01,Jeanuël Belocian Belocian,Racing,1374000
2026-10-01,Jens Cajuste Cajuste,Málaga,165000
2026-10-01,Jeremy Toljan Toljan,Levante,1463000
2026-10-01,Jesse Bisiwu Bisiwu,Barcelona,161000
2026-10-01,Jesús Areso Areso,Athletic,2619000
2026-10-01,Jesús Vázquez Jesús Vázquez,Valencia,391000
2026-10-01,Jiri Letácek Letácek,Getafe,160000
2026-10-01,Joan Garcia Joan Garcia,Barcelona,14394000
2026-10-01,Joao Cancelo Cancelo,Barcelona,11200000
2026-10-01,Joaquín Muñoz Joaquín,Málaga,1227000
2026-10-01,Job Ochieng Ochieng,Real Sociedad,1146000
2026-10-01,Jofre Carreras Jofre,Espanyol,169000
2026-10-01,Johan Mojica Mojica,Getafe,5463000
2026-10-01,Johaneko Louis-Jean Johaneko,Athletic,693000
2026-10-01,Johnny Cardoso Cardoso,Atlético,1191000
2026-10-01,Jon Ander Olasagasti Olasagasti,Levante,4989000
2026-10-01,Jon Aramburu Aramburu,Real Sociedad,7038000
2026-10-01,Jon Gorrotxategi Gorrotxategi,Real Sociedad,576000
2026-10-01,Jon Guridi Guridi,Sevilla,2675000
2026-10-01,Jon Martín Jon Martín,Real Sociedad,4988000
2026-10-01,Jon Moncayola Moncayola,Osasuna,2511000
2026-10-01,Jon Pacheco Pacheco,Real Sociedad,160000
2026-10-01,Jonathan Asp Jensen Asp Jensen,Deportivo,160000
2026-10-01,Jonathan David Jonathan David,Atlético,8749000
2026-10-01,Jonathan Dubasin Dubasin,Osasuna,932000
2026-10-01,Jones El-Abdellaoui El-Abdellaoui,Celta,160000
2026-10-01,Jonny Castro Jonny,Alavés,4430000
2026-10-01,Jordi Pesquer Pesquer,Barcelona,160000
2026-10-01,Jorge Cabello Jorge Cabello,Levante,175000
2026-10-01,Jorge Cestero Cestero,Real Madrid,168000
2026-10-01,Jorge Domínguez Jorge Domínguez,Atlético,178000
2026-10-01,Jorge Herrando Herrando,Osasuna,160000
2026-10-01,Jorge Montes Montes,Getafe,187000
2026-10-01,Jorge Salinas Salinas,Racing,3892000
2026-10-01,Jorge de Frutos De Frutos,Rayo,5840000
2026-10-01,Josan Ferrández Josan,Elche,172000
2026-10-01,Joselu Pérez Joselu,Getafe,167000
2026-10-01,José Gayà Gayà,Valencia,3025000
2026-10-01,José Manuel Copete Copete,Valencia,160000
2026-10-01,José María Giménez Giménez,Deportivo,3320000
2026-10-01,José Salinas Salinas,Málaga,761000
2026-10-01,José Ángel Carmona Carmona,Sevilla,165000
2026-10-01,José Ángel López José Ángel,Espanyol,172000
2026-10-01,Jozhua Vertrouwd Vertrouwd,Rayo,189000
2026-10-01,Juan Berrocal Berrocal,Málaga,240000
2026-10-01,Juan Carlos Arana Arana,Racing,160000
2026-10-01,Juan Cruz Juan Cruz,Málaga,1359000
2026-10-01,Juan Foyth Foyth,Villarreal,5109000
2026-10-01,Juan Iglesias Iglesias,Sevilla,7153000
2026-10-01,Juan Musso Musso,Atlético,203000
2026-10-01,Juanmi Jiménez Juanmi,Getafe,209000
2026-10-01,Jude Bellingham Bellingham,Real Madrid,20020000
2026-10-01,Julen Agirrezabala Agirrezabala,Racing,6021000
2026-10-01,Julen Lobete Lobete,Málaga,160000
2026-10-01,Jules Koundé Koundé,Barcelona,5786000
2026-10-01,Julio Díaz Julio Díaz,Sevilla,160000
2026-10-01,Julián Álvarez Alvarez,Atlético,11261000
2026-10-01,Junior Firpo Junior,Betis,483000
2026-10-01,Justin de Haas De Haas,Valencia,2527000
2026-10-01,Kang-In Lee Kang-In Lee,Atlético,11967000
2026-10-01,Karim Adeyemi Adeyemi,Barcelona,12599000
2026-10-01,Karl Etta Eyong Etta Eyong,Levante,1655000
2026-10-01,Kayne van Oevelen Van Oevelen,Valencia,175000
2026-10-01,Kazunari Kita Kita,Real Sociedad,171000
2026-10-01,Kevin Lomónaco Lomónaco,Elche,488000
2026-10-01,Kevin Sánchez Kevin Sánchez,Deportivo,160000
2026-10-01,Kike Barja Kike Barja,Osasuna,1022000
2026-10-01,Kike García Kike García,Espanyol,188000
2026-10-01,Kike Salas Kike Salas,Sevilla,4835000
2026-10-01,Kiko Femenia Femenia,Getafe,175000
2026-10-01,Koke Resurrección Koke,Atlético,10005000
2026-10-01,Kylian Mbappé Mbappé,Real Madrid,24666000
2026-10-01,Lamine Yamal Yamal,Barcelona,23882000
2026-10-01,Lander Pinillos Pinillos,Alavés,160000
2026-10-01,Laro Gómez Laro Gómez,Racing,179000
2026-10-01,Leandro Cabrera Cabrera,Espanyol,4042000
2026-10-01,Leo Román Leo Román,Deportivo,9434000
2026-10-01,Logan Costa Logan Costa,Villarreal,198000
2026-10-01,Lorenzo Amatucci Amatucci,Deportivo,9522000
2026-10-01,Lucas Boyé Boyé,Alavés,10075000
2026-10-01,Lucas Cepeda Cepeda,Elche,2695000
2026-10-01,Lucas Noubi Noubi,Deportivo,2676000
2026-10-01,Lucas Stassin Stassin,Sevilla,4889000
2026-10-01,Lucas Torró Torró,Osasuna,263000
2026-10-01,Lucien Agoume Agoume,Sevilla,7155000
2026-10-01,Luis Rioja Rioja,Valencia,2906000
2026-10-01,Luismi Cruz Luismi,Deportivo,5601000
2026-10-01,Luiz Felipe Luiz Felipe,Rayo,167000
2026-10-01,Luiz Junior Luiz Junior,Villarreal,2314000
2026-10-01,Luka Sucic L. Sucic,Real Sociedad,7290000
2026-10-01,Luken Beitia Beitia,Real Sociedad,436000
2026-10-01,Maguette Gueye Maguette,Racing,1048000
2026-10-01,Mamadou Sarr M. Sarr,Real Sociedad,3024000
2026-10-01,Manu Bueno Manu Bueno,Sevilla,160000
2026-10-01,Manu Hernando Hernando,Racing,1417000
2026-10-01,Manu Sánchez Manu Sánchez,Levante,4115000
2026-10-01,Marash Kumbulla Kumbulla,Rayo,160000
2026-10-01,Marc Aguado Aguado,Elche,1728000
2026-10-01,Marc Bartra Bartra,Betis,6558000
2026-10-01,Marc Bernal Bernal,Barcelona,9055000
2026-10-01,Marc Casadó Casadó,Deportivo,1271000
2026-10-01,Marc Cucurella Cucurella,Real Madrid,11256000
2026-10-01,Marc Doménech Doménech,Atlético,160000
2026-10-01,Marc Pubill Pubill,Atlético,10184000
2026-10-01,Marc Roca Marc Roca,Betis,7523000
2026-10-01,Marc Santos Marc Santos,Levante,186000
2026-10-01,Marcos Alonso M. Alonso,Celta,7484000
2026-10-01,Marcos Fernández Marcos,Espanyol,1595000
2026-10-01,Marcos Llorente M. Llorente,Atlético,10572000
2026-10-01,Marcão Marcão,Sevilla,183000
2026-10-01,Mariano Díaz Mariano,Alavés,5227000
2026-10-01,Mario Martín Mario Martín,Getafe,415000
2026-10-01,Mario Soriano Mario,Deportivo,7005000
2026-10-01,Marko Dmitrovic Dmitrovic,Espanyol,8771000
2026-10-01,Maroan Sannadi Sannadi,Athletic,160000
2026-10-01,Martim Neto Martim Neto,Elche,160000
2026-10-01,Martín Satriano Satriano,Getafe,5916000
2026-10-01,Mathew Ryan Ryan,Levante,9884000
2026-10-01,Matia Barzic Barzic,Elche,199000
2026-10-01,Matteo Prati Prati,Racing,160000
2026-10-01,Matías Dituro Dituro,Elche,4409000
2026-10-01,Miguel Cubo Cubo,Atlético,170000
2026-10-01,Miguel Loureiro Loureiro,Deportivo,743000
2026-10-01,Miguel Rodríguez Miguel,Alavés,192000
2026-10-01,Miguel Román Román,Celta,5409000
2026-10-01,Miguel Sierra Sierra,Sevilla,5317000
2026-10-01,Mikel Jauregizar Jauregizar,Athletic,2069000
2026-10-01,Mikel Oyarzabal Oyarzabal,Real Sociedad,15392000
2026-10-01,Mikel Rodriguez Mikel Rodriguez,Alavés,163000
2026-10-01,Moi Gómez Moi Gómez,Osasuna,460000
2026-10-01,Morten Hjulmand Hjulmand,Atlético,8172000
2026-10-01,Mouctar Diakhaby Diakhaby,Valencia,183000
2026-10-01,Moussa Diarra Moussa,Málaga,182000
2026-10-01,Mujaid Sadick Mujaid,Rayo,799000
2026-10-01,Nacho Pérez Nacho Pérez,Levante,1027000
2026-10-01,Nahuel Tenaglia Tenaglia,Alavés,9496000
2026-10-01,Natan Natan,Betis,8894000
2026-10-01,Nathan-Dylan Saliba Saliba,Villarreal,3893000
2026-10-01,Nelson Deossa Deossa,Betis,2529000
2026-10-01,Nemanja Gudelj Gudelj,Getafe,1185000
2026-10-01,Nico Guillén Guillén,Sevilla,160000
2026-10-01,Nico Serrano Serrano,Athletic,160000
2026-10-01,Nico Williams N. Williams,Athletic,11770000
2026-10-01,Nicolas Pépé Pépé,Villarreal,14458000
2026-10-01,Nicolás Valentini Valentini,Alavés,833000
2026-10-01,Noé Carrillo Noé Carrillo,Deportivo,160000
2026-10-01,Obed Vargas Vargas,Atlético,160000
2026-10-01,Odysseas Vlachodimos Vlachodimos,Sevilla,8130000
2026-10-01,Oihan Sancet Sancet,Athletic,9388000
2026-10-01,Omar El Hilali El Hilali,Espanyol,5112000
2026-10-01,Orel Mangala Mangala,Getafe,1585000
2026-10-01,Oriol Rey Oriol Rey,Levante,1023000
2026-10-01,Orri Steinn Óskarsson Óskarsson,Real Sociedad,3617000
2026-10-01,Pablo Barrios Barrios,Atlético,10580000
2026-10-01,Pablo Campos Cuñat Campos,Levante,160000
2026-10-01,Pablo Durán Durán,Celta,1155000
2026-10-01,Pablo Fornals Fornals,Betis,13567000
2026-10-01,Pablo García Pablo García,Racing,3202000
2026-10-01,Pablo Gavi Gavi,Barcelona,3123000
2026-10-01,Pablo Ibáñez Ibáñez,Alavés,4865000
2026-10-01,Pablo Maffeo Maffeo,Valencia,1983000
2026-10-01,Pablo Martínez Pablo Martínez,Málaga,363000
2026-10-01,Pablo Marín Marín,Real Sociedad,173000
2026-10-01,Pablo Ramón Pablo Ramón,Racing,2031000
2026-10-01,Paco Cortés Cortés,Levante,190000
2026-10-01,Pape Gueye Pape Gueye,Villarreal,12237000
2026-10-01,Pathé Ciss Pathé Ciss,Rayo,5067000
2026-10-01,Pau Cubarsí Cubarsí,Barcelona,16089000
2026-10-01,Pau Navarro Pau Navarro,Villarreal,1349000
2026-10-01,Pedri González Pedri,Barcelona,21576000
2026-10-01,Pedro Bigas Bigas,Elche,217000
2026-10-01,Pedro Díaz Pedro Díaz,Rayo,1152000
2026-10-01,Pedro Felipe Pedro Felipe,Racing,201000
2026-10-01,Peio Canales Canales,Athletic,1488000
2026-10-01,Pelayo Fernández Pelayo,Rayo,210000
2026-10-01,Pepelu Pepelu,Valencia,4347000
2026-10-01,Peque Peque,Sevilla,1152000
2026-10-01,Pere Milla Pere Milla,Espanyol,1192000
2026-10-01,Petar Ratkov Ratkov,Levante,679000
2026-10-01,Pierre-Emerick Aubameyang Aubameyang,Deportivo,9095000
2026-10-01,Pol Lozano Lozano,Espanyol,177000
2026-10-01,Péter Gulácsi Gulacsi,Villarreal,2099000
2026-10-01,Quilindschy Hartman Hartman,Espanyol,1007000
2026-10-01,Rafa Garrido Rafita,Málaga,3654000
2026-10-01,Rafa Rodríguez Rafa Rodríguez,Málaga,348000
2026-10-01,Rafel Bauzà Bauzà,Espanyol,160000
2026-10-01,Ramón Enríquez Enríquez,Málaga,189000
2026-10-01,Ramón Terrats Terrats,Getafe,6661000
2026-10-01,Randy Nteka Nteka,Rayo,160000
2026-10-01,Raphinha Raphinha,Barcelona,20834000
2026-10-01,Raul Moro Raul Moro,Osasuna,1232000
2026-10-01,Rayane Belaid Rayane,Rayo,176000
2026-10-01,Raúl Asencio Asencio,Real Madrid,406000
2026-10-01,Raúl De Tomás De Tomás,Rayo,171000
2026-10-01,Raúl García Raúl García,Osasuna,1517000
2026-10-01,Renato Veiga Veiga,Villarreal,8281000
2026-10-01,Riki Rodríguez Riki,Deportivo,254000
2026-10-01,Robbie Ure Ure,Sevilla,2296000
2026-10-01,Robert Navarro Navarro,Athletic,4398000
2026-10-01,Roberto Fernández Roberto,Espanyol,11327000
2026-10-01,Robin Le Normand Le Normand,Atlético,2912000
2026-10-01,Rockson Yeboah Yeboah,Osasuna,180000
2026-10-01,Rodri Hernández Rodri,Barcelona,15139000
2026-10-01,Rodrigo Gamón Gamón,Valencia,190000
2026-10-01,Rodrigo Mendoza Mendoza,Atlético,207000
2026-10-01,Rodrigo Riquelme Riquelme,Betis,5186000
2026-10-01,Rodrygo Goes Rodrygo,Real Madrid,685000
2026-10-01,Roger Brugué Brugui,Levante,2553000
2026-10-01,Roger Hinojo Hinojo,Espanyol,2482000
2026-10-01,Romain Del Castillo Del Castillo,Osasuna,614000
2026-10-01,Roony Bardghji Bardghji,Barcelona,160000
2026-10-01,Roy Revivo Revivo,Elche,927000
2026-10-01,Rubén García Rubén G.,Osasuna,2798000
2026-10-01,Rubén López Rubén López,Deportivo,167000
2026-10-01,Rubén Sánchez Rubén Sánchez,Elche,661000
2026-10-01,Rubén Vargas Vargas,Sevilla,1755000
2026-10-01,Ryunosuke Sato Sato,Valencia,1603000
2026-10-01,Saba Sazonov Sazonov,Getafe,176000
2026-10-01,Salvi Esquivel Esquivel,Atlético,160000
2026-10-01,Samu Becerra Becerra,Rayo,160000
2026-10-01,Santi Comesaña Comesaña,Villarreal,3858000
2026-10-01,Santiago Mouriño Mouriño,Villarreal,3210000
2026-10-01,Sebastián Boselli Boselli,Getafe,219000
2026-10-01,Sebastián Cáceres Cáceres,Celta,886000
2026-10-01,Selton Sánchez Selton,Athletic,160000
2026-10-01,Sergi Canós Canós,Valencia,183000
2026-10-01,Sergi Cardona S. Cardona,Villarreal,831000
2026-10-01,Sergio Camello Camello,Rayo,10405000
2026-10-01,Sergio Canales Canales,Racing,7521000
2026-10-01,Sergio Carreira Carreira,Celta,5938000
2026-10-01,Sergio Gómez Sergio Gómez,Real Sociedad,6716000
2026-10-01,Sergio Herrera Herrera,Osasuna,5927000
2026-10-01,Sergio Martínez Sergio Martínez,Real Madrid,160000
2026-10-01,Simon Eriksson Eriksson,Racing,160000
2026-10-01,Stefan Bajcetic Bajcetic,Celta,165000
2026-10-01,Stole Dimitrievski Dimitrievski,Valencia,7014000
2026-10-01,Tajon Buchanan Buchanan,Villarreal,5364000
2026-10-01,Takefusa Kubo Kubo,Real Sociedad,6655000
2026-10-01,Tani Oluwaseyi Oluwaseyi,Villarreal,199000
2026-10-01,Taufik Seidu Taufik,Atlético,169000
2026-10-01,Tete Morente Tete Morente,Elche,1543000
2026-10-01,Thiago Fernández Thiago,Levante,940000
2026-10-01,Thiago Pitarch Thiago,Real Madrid,160000
2026-10-01,Thibaut Courtois Courtois,Real Madrid,10114000
2026-10-01,Thomas Lemar Lemar,Elche,1837000
2026-10-01,Toni Martinez Toni Martinez,Alavés,5903000
2026-10-01,Trent Alexander-Arnold Alexander-Arnold,Real Madrid,5381000
2026-10-01,Troy Parrott Parrott,Betis,6644000
2026-10-01,Tyrhys Dolan Dolan,Espanyol,3289000
2026-10-01,Umar Sadiq Sadiq,Valencia,1176000
2026-10-01,Unai Egiluz Egiluz,Athletic,160000
2026-10-01,Unai López Unai López,Rayo,5004000
2026-10-01,Unai Marrero Marrero,Real Sociedad,276000
2026-10-01,Unai Núñez U. Núñez,Espanyol,2338000
2026-10-01,Unai Santos Unai Santos,Osasuna,282000
2026-10-01,Unai Simón Unai Simón,Athletic,9706000
2026-10-01,Urko González de Zarate Urko,Espanyol,1404000
2026-10-01,Valentin Rosier Rosier,Osasuna,421000
2026-10-01,Valentín Gómez Valentín Gómez,Betis,792000
2026-10-01,Vanja Drkusic Drkusic,Espanyol,170000
2026-10-01,Ville Koski Koski,Alavés,5040000
2026-10-01,Vinicius Junior Vinicius,Real Madrid,19579000
2026-10-01,Víctor Chust Chust,Elche,1849000
2026-10-01,Víctor García Víctor García,Levante,264000
2026-10-01,Williot Swedberg Swedberg,Celta,1389000
2026-10-01,Wojciech Szczesny Szczesny,Barcelona,160000
2026-10-01,Xanet Oláiz Oláiz,Alavés,160000
2026-10-01,Xavi Espart Espart,Barcelona,5383000
2026-10-01,Ximo Navarro Ximo,Deportivo,2120000
2026-10-01,Yago Santiago Santiago,Elche,160000
2026-10-01,Yan Diomande Y. Diomande,Real Madrid,16176000
2026-10-01,Yangel Herrera Herrera,Real Sociedad,5099000
2026-10-01,Yanis Musuayi Musuayi,Levante,178000
2026-10-01,Yassir Zabiri Zabiri,Racing,6814000
2026-10-01,Yeray Álvarez Yeray,Athletic,2131000
2026-10-01,Yeremay Hernández Yeremay,Deportivo,6848000
2026-10-01,Yoel Lago Lago,Celta,2685000
2026-10-01,Youssef Enríquez Youssef,Alavés,1487000
2026-10-01,Youssouf Fofana Fofana,Sevilla,6537000
2026-10-01,Yuri Berchiche Yuri,Athletic,5973000
2026-10-01,Zaid Romero Romero,Getafe,5305000
2026-10-01,Zakaria Eddahchouri Eddahchouri,Deportivo,1236000
2026-10-01,Álex Baena Baena,Atlético,13658000
2026-10-01,Álex Berenguer Berenguer,Athletic,5277000
2026-10-01,Álex Calatrava Calatrava,Espanyol,4215000
2026-10-01,Álex Grimaldo Grimaldo,Atlético,10350000
2026-10-01,Álex Pastor Pastor,Málaga,160000
2026-10-01,Álex Remiro Remiro,Real Sociedad,9920000
2026-10-01,Álvaro Djaló Djaló,Athletic,160000
2026-10-01,Álvaro F. Carreras A. F. Carreras,Real Madrid,3706000
2026-10-01,Álvaro Fernández Álvaro,Deportivo,207000
2026-10-01,Álvaro Fidalgo Fidalgo,Betis,187000
2026-10-01,Álvaro García Álvaro García,Rayo,9468000
2026-10-01,Álvaro Leiva Leiva,Real Madrid,181000
2026-10-01,Álvaro Mantilla Mantilla,Racing,1124000
2026-10-01,Álvaro Núñez Á. Núñez,Celta,1457000
2026-10-01,Álvaro Odriozola Odriozola,Real Sociedad,200000
2026-10-01,Álvaro Padilla Padilla,Elche,192000
2026-10-01,Álvaro Valles Valles,Betis,11551000
2026-10-01,Ángel Fortuño Fortuño,Espanyol,170000
2026-10-01,Ángel Ortiz Ortiz,Betis,160000
2026-10-01,Ángel Pérez Ángel Pérez,Alavés,8202000
2026-10-01,Éder Militão Militão,Real Madrid,2010000
2026-10-01,Íñigo Ruiz de Galarreta R. de Galarreta,Athletic,6121000
2026-10-01,Íñigo Sainz-Maza Sainz-Maza,Racing,162000
2026-10-01,Óscar López Óscar López,Getafe,160000
2026-10-01,Óscar Valentín Valentín,Rayo,1248000
