slug,url
aaron-martin,https://media.futbolfantasy.com/uploads/images/jugadores/ficha/3246.png
abde-ezzalzouli,https://media.futbolfantasy.com/uploads/images/jugadores/ficha/9750.png
adama-traore-cachas,https://media.futbolfantasy.com/uploads/images/jugadores/ficha/972.png
adrian-de-la-fuente,https://media.futbolfantasy.com/uploads/images/jugadores/ficha/6346.png
adrian-rodriguez,https://media.futbolfantasy.com/uploads/images/jugadores/ficha/9897.png
aihen-munoz,https://media.futbolfantasy.com/uploads/images/jugadores/ficha/6394.png
aitor-fernandez,https://media.futbolfantasy.com/uploads/images/jugadores/ficha/829.png
aitor-fraga,https://media.futbolfantasy.com/uploads/images/jugadores/ficha/11816.png
alberto-calatrava,https://media.futbolfantasy.com/uploads/images/jugadores/ficha/18029.png
alfonso-gonzalez,https://media.futbolfantasy.com/uploads/images/jugadores/ficha/8703.png
alvaro-de-pablo-1,https://media.futbolfantasy.com/uploads/images/jugadores/ficha/00.png
alvaro-fernandez,https://media.futbolfantasy.com/uploads/images/jugadores/ficha/3612.png
andoni-gorosabel,https://media.futbolfantasy.com/uploads/images/jugadores/ficha/3799.png
andreas-christensen,https://media.futbolfantasy.com/uploads/images/jugadores/ficha/2417.png
arnau-martinez,https://media.futbolfantasy.com/uploads/images/jugadores/ficha/9218.png
asier-herrera,https://media.futbolfantasy.com/uploads/images/jugadores/ficha/00.png
ayoze-perez,https://media.futbolfantasy.com/uploads/images/jugadores/ficha/4511.png
brahim-diaz,https://media.futbolfantasy.com/uploads/images/jugadores/ficha/5035.png
bryan-zaragoza,https://media.futbolfantasy.com/uploads/images/jugadores/ficha/9779.png
carlos-benavidez,https://media.futbolfantasy.com/uploads/images/jugadores/ficha/10448.png
carlos-lvarez,https://media.futbolfantasy.com/uploads/images/jugadores/ficha/8646.png
coke-carrillo,https://media.futbolfantasy.com/uploads/images/jugadores/ficha/9638.png
cucho-hernandez,https://media.futbolfantasy.com/uploads/images/jugadores/ficha/5546.png
curro-burgos,https://media.futbolfantasy.com/uploads/images/jugadores/ficha/00.png
diego-conde,https://media.futbolfantasy.com/uploads/images/jugadores/ficha/7554.png
diego-javier-llorente,https://media.futbolfantasy.com/uploads/images/jugadores/ficha/707.png
enzo-bardelli,https://media.futbolfantasy.com/uploads/images/jugadores/ficha/18006.png
facundo-gonzalez,https://media.futbolfantasy.com/uploads/images/jugadores/ficha/10209.png
fermin-lopez,https://media.futbolfantasy.com/uploads/images/jugadores/ficha/11709.png
fernando-nino,https://media.futbolfantasy.com/uploads/images/jugadores/ficha/7081.png
francho-serrano,https://media.futbolfantasy.com/uploads/images/jugadores/ficha/7995.png
gabriel-jesus,https://media.futbolfantasy.com/uploads/images/jugadores/ficha/3724.png
gerard-moreno,https://media.futbolfantasy.com/uploads/images/jugadores/ficha/843.png
giuliano-simeone,https://media.futbolfantasy.com/uploads/images/jugadores/ficha/9276.png
guido-rodriguez,https://media.futbolfantasy.com/uploads/images/jugadores/ficha/7676.png
haitam-abaida,https://media.futbolfantasy.com/uploads/images/jugadores/ficha/9321.png
ibrahima-sow,https://media.futbolfantasy.com/uploads/images/jugadores/ficha/12590.png
inaki-williams,https://media.futbolfantasy.com/uploads/images/jugadores/ficha/1934.png
inigo-ruiz-de-galarreta,https://media.futbolfantasy.com/uploads/images/jugadores/ficha/44.png
isco-alarcon,https://media.futbolfantasy.com/uploads/images/jugadores/ficha/336.png
isi-palazon,https://media.futbolfantasy.com/uploads/images/jugadores/ficha/6957.png
izei-hernandez,https://media.futbolfantasy.com/uploads/images/jugadores/ficha/16920.png
javi-navarro-1,https://media.futbolfantasy.com/uploads/images/jugadores/ficha/16735.png
joaquin-munoz,https://media.futbolfantasy.com/uploads/images/jugadores/ficha/6050.png
jofre-carreras,https://media.futbolfantasy.com/uploads/images/jugadores/ficha/9850.png
johaneko-louis-jean,https://media.futbolfantasy.com/uploads/images/jugadores/ficha/16229.png
jonny-castro,https://media.futbolfantasy.com/uploads/images/jugadores/ficha/189.png
jorge-de-frutos,https://media.futbolfantasy.com/uploads/images/jugadores/ficha/6633.png
josan,https://media.futbolfantasy.com/uploads/images/jugadores/ficha/1859.png
jose-angel-lopez,https://media.futbolfantasy.com/uploads/images/jugadores/ficha/14928.png
joselu-perez,https://media.futbolfantasy.com/uploads/images/jugadores/ficha/12539.png
julian-lvarez,https://media.futbolfantasy.com/uploads/images/jugadores/ficha/10287.png
junior-firpo,https://media.futbolfantasy.com/uploads/images/jugadores/ficha/4620.png
justin-de-haas,https://media.futbolfantasy.com/uploads/images/jugadores/ficha/18018.png
kayne-van-oevelen,https://media.futbolfantasy.com/uploads/images/jugadores/ficha/18283.png
koke-resurreccion,https://media.futbolfantasy.com/uploads/images/jugadores/ficha/63.png
luismi-cruz,https://media.futbolfantasy.com/uploads/images/jugadores/ficha/9772.png
luka-sucic,https://media.futbolfantasy.com/uploads/images/jugadores/ficha/8392.png
lvaro-fernandez-1,https://media.futbolfantasy.com/uploads/images/jugadores/ficha/10176.png
lvaro-nunez,https://media.futbolfantasy.com/uploads/images/jugadores/ficha/11767.png
maguette-gueye,https://media.futbolfantasy.com/uploads/images/jugadores/ficha/14155.png
mamadou-sarr,https://media.futbolfantasy.com/uploads/images/jugadores/ficha/15944.png
marco-de-la-sias,https://media.futbolfantasy.com/uploads/images/jugadores/ficha/00.png
marcos-alonso,https://media.futbolfantasy.com/uploads/images/jugadores/ficha/4397.png
marcos-fernandez-1,https://media.futbolfantasy.com/uploads/images/jugadores/ficha/10893.png
marcos-llorente,https://media.futbolfantasy.com/uploads/images/jugadores/ficha/1931.png
mariano-diaz,https://media.futbolfantasy.com/uploads/images/jugadores/ficha/3226.png
mario-soriano,https://media.futbolfantasy.com/uploads/images/jugadores/ficha/8712.png
miguel-rodriguez-1,https://media.futbolfantasy.com/uploads/images/jugadores/ficha/8080.png
mikel-bermejo,https://media.futbolfantasy.com/uploads/images/jugadores/ficha/00.png
moha-hamdoune,https://media.futbolfantasy.com/uploads/images/jugadores/ficha/00.png
mujaid-sadick,https://media.futbolfantasy.com/uploads/images/jugadores/ficha/5228.png
nico-williams,https://media.futbolfantasy.com/uploads/images/jugadores/ficha/8693.png
nizar-el-jmili,https://media.futbolfantasy.com/uploads/images/jugadores/ficha/00.png
pablo-campos,https://media.futbolfantasy.com/uploads/images/jugadores/ficha/11807.png
pablo-marin,https://media.futbolfantasy.com/uploads/images/jugadores/ficha/10830.png
pedri-gonzalez,https://media.futbolfantasy.com/uploads/images/jugadores/ficha/7257.png
pelayo-fernandez,https://media.futbolfantasy.com/uploads/images/jugadores/ficha/13801.png
peter-gulacsi,https://media.futbolfantasy.com/uploads/images/jugadores/ficha/3106.png
rafa-fernandez-1,https://media.futbolfantasy.com/uploads/images/jugadores/ficha/15424.png
rafa-garrido,https://media.futbolfantasy.com/uploads/images/jugadores/ficha/15344.png
rafael-romero,https://media.futbolfantasy.com/uploads/images/jugadores/ficha/8634.png
raul-jimenez-1,https://media.futbolfantasy.com/uploads/images/jugadores/ficha/00.png
rayane-belaid,https://media.futbolfantasy.com/uploads/images/jugadores/ficha/12608.png
riki-rodriguez,https://media.futbolfantasy.com/uploads/images/jugadores/ficha/7309.png
roberto-fernandez-1,https://media.futbolfantasy.com/uploads/images/jugadores/ficha/9987.png
rodri-hernandez,https://media.futbolfantasy.com/uploads/images/jugadores/ficha/2733.png
roger-brugue,https://media.futbolfantasy.com/uploads/images/jugadores/ficha/9157.png
ruben-garcia,https://media.futbolfantasy.com/uploads/images/jugadores/ficha/660.png
rubi-munoz,https://media.futbolfantasy.com/uploads/images/jugadores/ficha/00.png
selton-sanchez,https://media.futbolfantasy.com/uploads/images/jugadores/ficha/16810.png
sergi-cardona,https://media.futbolfantasy.com/uploads/images/jugadores/ficha/9989.png
sergio-recio,https://media.futbolfantasy.com/uploads/images/jugadores/ficha/00.png
theo-folgado,https://media.futbolfantasy.com/uploads/images/jugadores/ficha/16155.png
thiago-fernandez,https://media.futbolfantasy.com/uploads/images/jugadores/ficha/17116.png
thiago-pitarch,https://media.futbolfantasy.com/uploads/images/jugadores/ficha/16237.png
umaru-konare,https://media.futbolfantasy.com/uploads/images/jugadores/ficha/00.png
unai-nunez,https://media.futbolfantasy.com/uploads/images/jugadores/ficha/3785.png
urko-gonzalez-de-zarate,https://media.futbolfantasy.com/uploads/images/jugadores/ficha/8228.png
ximo-navarro,https://media.futbolfantasy.com/uploads/images/jugadores/ficha/392.png
yan-diomande,https://media.futbolfantasy.com/uploads/images/jugadores/ficha/15342.png
yeray-alvarez,https://media.futbolfantasy.com/uploads/images/jugadores/ficha/1972.png
yeremay-hernandez,https://media.futbolfantasy.com/uploads/images/jugadores/ficha/13974.png
youssef-enriquez,https://media.futbolfantasy.com/uploads/images/jugadores/ficha/14935.png
yuri-berchiche,https://media.futbolfantasy.com/uploads/images/jugadores/ficha/735.png
