fecha,equipo,slug,jugador,nivel,orden
2026-10-08,Alavés,antonio-sivera,Antonio Sivera Portero indiscutible y decisivo; sostiene al ,clave,5
2026-10-08,Alavés,nahuel-tenaglia,Nahuel Tenaglia Defensa fijo por agresividad y polivalencia;,clave,5
2026-10-08,Alavés,angel-perez-1,Ángel Pérez Principal salida por la derecha y generador habi,clave,5
2026-10-08,Alavés,ville-koski,"Ville Koski Central de referencia, dominante por arriba y as",clave,5
2026-10-08,Alavés,pablo-ibanez,"Pablo Ibáñez Interior indispensable por recorrido, llegada y",clave,5
2026-10-08,Alavés,antonio-blanco,Antonio Blanco Pivote principal y organizador del equipo; un,clave,5
2026-10-08,Alavés,lucas-boye,"Lucas Boyé Delantero fijo, máximo referente goleador y pieza",clave,5
2026-10-08,Alavés,jonny-castro,Jonny Castro Titular habitual por experiencia y polivalencia,importantes,4
2026-10-08,Alavés,abde-rebbach,Abde Rebbach Carrilero izquierdo preferente; sus molestias f,importantes,4
2026-10-08,Alavés,antonio-martinez,"Toni Martinez Ha perdido ventaja frente a Mariano, pero mant",importantes,4
2026-10-08,Alavés,nicolas-valentini,Nicolás Valentini Ha ganado espacio como central izquierdo y,rotacion,3
2026-10-08,Alavés,denis-suarez,Denis Suárez Aporta creatividad entre líneas y compite por e,rotacion,3
2026-10-08,Alavés,mariano-diaz,Mariano Díaz Su eficacia le ha colocado muy cerca de Toni Ma,rotacion,3
2026-10-08,Alavés,youssef-enriquez,Youssef Enríquez Relevo habitual de Rebbach en el carril izq,revulsivos,2
2026-10-08,Alavés,carles-alena,Carles Aleñá Primer recurso creativo desde el banquillo; par,revulsivos,2
2026-10-08,Alavés,miguel-rodriguez-1,Miguel Rodríguez Extremo empleado en tramos finales para aña,revulsivos,2
2026-10-08,Alavés,aitor-manas,Aitor Mañas Delantero utilizado para aumentar presión y pres,revulsivos,2
2026-10-08,Alavés,adrian-rodriguez,Adrián Rodríguez Segundo portero sin oportunidades mientras ,reservas,1
2026-10-08,Alavés,facundo-garces,"Facundo Garcés Su sanción terminaba en noviembre, pero el cr",reservas,1
2026-10-08,Alavés,hugo-novoa,"Hugo Novoa Permanece sin minutos y Tenaglia, Ángel y Jonny c",reservas,1
2026-10-08,Alavés,carlos-benavidez,Carlos Benavidez Mediocentro físico para partidos exigentes;,reservas,1
2026-10-08,Alavés,ander-guevara,"Ander Guevara Ha perdido terreno frente a Blanco, Ibáñez y P",reservas,1
2026-10-08,Alavés,mikel-rodriguez,Mikel Rodriguez Era titular antes de romperse el cruzado; ni,reservas,1
2026-10-08,Athletic,unai-simon,"Unai Simón Portero indiscutible, titular en todos los partid",clave,5
2026-10-08,Athletic,aymeric-laporte,"Aymeric Laporte Central de mayor jerarquía, titular en cuatr",clave,5
2026-10-08,Athletic,yuri-berchiche,"Yuri Berchiche Dueño del lateral izquierdo, titular permanen",clave,5
2026-10-08,Athletic,oihan-sancet,"Oihan Sancet Mediapunta fijo en el once, decisivo entre líne",clave,5
2026-10-08,Athletic,nico-williams,Nico Williams Titular consolidado tras las primeras rotacion,clave,5
2026-10-08,Athletic,inaki-williams,Iñaki Williams Titular en todas las jornadas disputadas y el,clave,5
2026-10-08,Athletic,jesus-areso,"Jesús Areso Tres titularidades recientes, pero Terzić probó ",importantes,4
2026-10-08,Athletic,yeray-alvarez,"Yeray Álvarez Dos titularidades recientes, una salida al des",importantes,4
2026-10-08,Athletic,inigo-ruiz-de-galarreta,"Íñigo Ruiz de Galarreta Organiza la salida, enlaza cuatro ti",importantes,4
2026-10-08,Athletic,aitor-paredes,"Aitor Paredes Alterna titularidad, banquillo y una entrada a",rotacion,3
2026-10-08,Athletic,mikel-jauregizar,Mikel Jauregizar Participa casi siempre y ya volvió al once;,rotacion,3
2026-10-08,Athletic,benat-gerenabarrena,Beñat Gerenabarrena Se adueñó del doble pivote durante tres ,rotacion,3
2026-10-08,Athletic,robert-navarro,"Robert Navarro Cuatro titularidades seguidas, dos goles y co",rotacion,3
2026-10-08,Athletic,peio-canales,"Peio Canales Fue titular al inicio, reapareció tras lesión y",rotacion,3
2026-10-08,Athletic,johaneko-louis-jean,Johaneko Louis-Jean Dos titularidades y tres entradas desde ,revulsivos,2
2026-10-08,Athletic,alex-berenguer,Álex Berenguer Ha entrado en los tres últimos partidos y cam,revulsivos,2
2026-10-08,Athletic,gorka-guruzeta,"Gorka Guruzeta Perdió la titularidad frente a Iñaki y, cuand",revulsivos,2
2026-10-08,Athletic,alex-padilla,"Alex Padilla Suplente fijo de Unai Simón, convocado siempre ",reservas,1
2026-10-08,Athletic,hugo-rincon,Hugo Rincón Ha perdido protagonismo tras su titularidad inic,reservas,1
2026-10-08,Athletic,dani-vivian,"Dani Vivian Recién reincorporado tras dos meses lesionado, d",reservas,1
2026-10-08,Athletic,unai-egiluz,Unai Egiluz Sin dorsal mientras completa la recuperación de ,reservas,1
2026-10-08,Athletic,alejandro-rego,"Alejandro Rego Entra habitualmente en las listas, pero no ha",reservas,1
2026-10-08,Athletic,nico-serrano,Nico Serrano Se estrenó con cuatro minutos ante el Alavés; s,reservas,1
2026-10-08,Athletic,benat-prados,"Beñat Prados Recuperado desde la jornada cuatro, acumula con",reservas,1
2026-10-08,Athletic,lvaro-djalo,Álvaro Djaló Solo suma nueve minutos y encadena varias convo,reservas,1
2026-10-08,Athletic,maroan-sannadi,"Maroan Sannadi Alternativa directa al nueve, utilizado como ",reservas,1
2026-10-08,Atlético,jan-oblak,Jan Oblak Dueño indiscutible de la portería; Musso solo juga,clave,5
2026-10-08,Atlético,cristian-romero,"Cristian Romero Central de mayor jerarquía competitiva, asen",clave,5
2026-10-08,Atlético,david-hancko,David Hancko Central zurdo preferente y alternativa para el ,clave,5
2026-10-08,Atlético,marcos-llorente,Marcos Llorente Pieza indispensable por rendimiento y poliva,clave,5
2026-10-08,Atlético,marc-pubill,Marc Pubill Defensor titular con ventaja por su físico y pol,clave,5
2026-10-08,Atlético,giuliano-simeone,Giuliano Simeone Primera opción para aportar profundidad y t,clave,5
2026-10-08,Atlético,alex-grimaldo,"Álex Grimaldo Lateral izquierdo indiscutible, lanzador de pe",importantes,4
2026-10-08,Atlético,pablo-barrios,"Pablo Barrios Centrocampista titular cuando está disponible,",importantes,4
2026-10-08,Atlético,lee-kang-in,Kang-In Lee Fijo en la estructura ofensiva por su creativida,importantes,4
2026-10-08,Atlético,lex-baena,"Álex Baena Principal generador ofensivo, con libertad para a",importantes,4
2026-10-08,Atlético,robin-le-normand,"Robin Le Normand Central útil para cualquier estructura, per",rotacion,3
2026-10-08,Atlético,morten-hjulmand,Morten Hjulmand Mediocentro de equilibrio con opciones frecu,rotacion,3
2026-10-08,Atlético,koke-resurreccion,Koke Resurrección Recurso prioritario para ordenar el equipo,rotacion,3
2026-10-08,Atlético,johnny-cardoso,Johnny Cardoso Compite de igual a igual con Hjulmand y Barri,rotacion,3
2026-10-08,Atlético,ademola-lookman,"Ademola Lookman Atacante habitual y versátil, con ventaja so",rotacion,3
2026-10-08,Atlético,jonathan-david,Jonathan David Delantero actualmente preferido por Simeone; ,rotacion,3
2026-10-08,Atlético,julian-lvarez,Julián Álvarez Ha perdido la condición de delantero indiscut,rotacion,3
2026-10-08,Atlético,arnau-ortiz,Arnau Ortiz Extremo utilizado para aumentar ritmo y desborde,revulsivos,2
2026-10-08,Atlético,salvi-esquivel,"Salvi Esquivel Tercer portero, sin opciones inmediatas de ju",reservas,1
2026-10-08,Atlético,juan-musso,"Juan Musso Suplente directo de Oblak, reservado para rotacio",reservas,1
2026-10-08,Atlético,rodrigo-mendoza,Rodrigo Mendoza Centrocampista joven sin espacio estable ant,reservas,1
2026-10-08,Atlético,obed-vargas,"Obed Vargas Centrocampista fuera del reparto habitual, sin p",reservas,1
2026-10-08,Atlético,alexander-sorloth,Alexander Sorloth Delantero de características específicas q,reservas,1
2026-10-08,Barcelona,joan-garcia,Joan Garcia Portero titular sin discusión; Livaković y Szczę,clave,5
2026-10-08,Barcelona,pau-cubarsi,Pau Cubarsí Jefe de la salida defensiva y central prácticame,clave,5
2026-10-08,Barcelona,eric-garcia,"Eric Garcia Lateral derecho preferido por Flick, fiable tamb",clave,5
2026-10-08,Barcelona,pedri-gonzalez,"Pedri González Organizador imprescindible del mediocampo, co",clave,5
2026-10-08,Barcelona,rodri-hernandez,"Rodri Hernández Mediocentro titular y líder táctico, encarga",clave,5
2026-10-08,Barcelona,gerard-martin,"Gerard Martín Alternativa habitual como central zurdo, con o",importantes,4
2026-10-08,Barcelona,jules-kounde,Jules Koundé Competidor de Eric García en el lateral derecho,rotacion,3
2026-10-08,Barcelona,joao-cancelo,Joao Cancelo Ha tomado ventaja en el lateral izquierdo por s,rotacion,3
2026-10-08,Barcelona,andreas-christensen,Andreas Christensen Central con opciones frecuentes de titul,rotacion,3
2026-10-08,Barcelona,xavi-espart,Xavi Espart Compite directamente con Cancelo y Balde; aporta,rotacion,3
2026-10-08,Barcelona,dani-olmo,"Dani Olmo Alterna titularidad y banquillo como mediapunta, c",rotacion,3
2026-10-08,Barcelona,fermin-lopez,Fermín López Parte con ventaja como tercer centrocampista po,rotacion,3
2026-10-08,Barcelona,marc-bernal,"Marc Bernal Relevo habitual para Rodri o Pedri, con particip",rotacion,3
2026-10-08,Barcelona,anthony-gordon,Anthony Gordon Extremo izquierdo preferido para ofrecer ampl,rotacion,3
2026-10-08,Barcelona,karim-adeyemi,Karim Adeyemi Competidor directo de Gordon en la izquierda; ,rotacion,3
2026-10-08,Barcelona,gabriel-jesus,Gabriel Jesus Primer recambio de Raphinha como delantero cen,revulsivos,2
2026-10-08,Barcelona,dominik-livakovic,Dominik Livakovic Segundo portero actual y primera alternati,reservas,1
2026-10-08,Barcelona,wojciech-szczesny,"Wojciech Szczesny Portero experimentado, pero Livaković ha g",reservas,1
2026-10-08,Barcelona,alejandro-balde,Alejandro Balde Ha perdido ventaja durante su ausencia y deb,reservas,1
2026-10-08,Barcelona,pablo-gavi,Pablo Gavi Busca recuperar protagonismo en una medular muy p,reservas,1
2026-10-08,Barcelona,frenkie-de-jong,Frenkie de Jong Centrocampista de enorme peso cuando regrese,reservas,1
2026-10-08,Barcelona,brian-farinas,"Brian Fariñas Inscrito con el primer equipo, pero fuera de l",reservas,1
2026-10-08,Barcelona,hamza-abdelkarim,Hamza Abdelkarim Delantero joven para convocatorias amplias ,reservas,1
2026-10-08,Barcelona,roony-bardghji,"Roony Bardghji Extremo joven pendiente de recuperarse, sin u",reservas,1
2026-10-08,Betis,alvaro-valles,Álvaro Valles Portero indiscutible y decisivo; sostiene al e,clave,5
2026-10-08,Betis,natan,Natan Central fijo y principal referencia defensiva; Pellegr,clave,5
2026-10-08,Betis,pablo-fornals,"Pablo Fornals Titular muy habitual por inteligencia, movilid",clave,5
2026-10-08,Betis,isco-alarcon,Isco Alarcón Director ofensivo y líder creativo; organiza el,clave,5
2026-10-08,Betis,antony,Antony Extremo derecho prioritario y principal foco de deseq,clave,5
2026-10-08,Betis,abde-ezzalzouli,Abde Ezzalzouli Dueño actual de la izquierda por desborde y ,clave,5
2026-10-08,Betis,fran-garcia,Fran García Lateral izquierdo titular habitual y con clara v,importantes,4
2026-10-08,Betis,hector-bellerin,Héctor Bellerín Lateral derecho preferido; Ángel Ortiz recib,importantes,4
2026-10-08,Betis,cucho-hernandez,Cucho Hernández Delantero con ventaja sobre Parrott y máximo,importantes,4
2026-10-08,Betis,marc-bartra,"Marc Bartra Capitán y central de confianza, con ventaja por ",rotacion,3
2026-10-08,Betis,diego-javier-llorente,Diego Javier Llorente Central importante cuando está disponi,rotacion,3
2026-10-08,Betis,junior-firpo,"Junior Firpo Alternativa directa a Fran García, utilizado co",rotacion,3
2026-10-08,Betis,ngel-ortiz,"Ángel Ortiz Primer relevo de Bellerín, con titularidades pla",rotacion,3
2026-10-08,Betis,marc-roca,Marc Roca Mediocentro preferido para dar equilibrio y salida,rotacion,3
2026-10-08,Betis,facundo-bernal,Facundo Bernal Alterna titularidades con Marc Roca y otros c,rotacion,3
2026-10-08,Betis,nelson-deossa,Nelson Deossa Ha ganado terreno como interior físico y compi,rotacion,3
2026-10-08,Betis,rodrigo-riquelme,Rodrigo Riquelme Alterna ambas bandas y la mediapunta; suma ,rotacion,3
2026-10-08,Betis,aitor-ruibal,"Aitor Ruibal Comodín para lateral y banda, con sitio en las ",rotacion,3
2026-10-08,Betis,troy-parrott,Troy Parrott Competidor directo del Cucho; recibe titularida,rotacion,3
2026-10-08,Betis,dani-ceballos,Dani Ceballos Incorporación destinada a disputar titularidad,revulsivos,2
2026-10-08,Betis,giovani-lo-celso,Giovani Lo Celso Mediapunta de jerarquía que debe recuperar ,revulsivos,2
2026-10-08,Betis,diego-conde,Diego Conde Segundo portero cuando está disponible; Valles m,reservas,1
2026-10-08,Betis,valentin-gomez,Valentín Gómez Tercer central con protagonismo creciente; co,reservas,1
2026-10-08,Betis,jose-antonio-morante,José Antonio Morante Joven atacante de convocatorias amplias,reservas,1
2026-10-08,Betis,iker-losada,Iker Losada Sin minutos y con exclusiones técnicas recientes,reservas,1
2026-10-08,Betis,lvaro-fidalgo,Álvaro Fidalgo Centrocampista relegado en una medular muy po,reservas,1
2026-10-08,Celta,andrei-radu,Ionut Radu Titular en las siete jornadas; Bayindir aumenta l,clave,5
2026-10-08,Celta,marcos-alonso,Marcos Alonso Tres titularidades consecutivas y después supl,clave,5
2026-10-08,Celta,yoel-lago,Yoel Lago Seis titularidades en siete jornadas y rendimiento,importantes,4
2026-10-08,Celta,miguel-roman,Miguel Román Cuatro titularidades y una entrada al descanso;,importantes,4
2026-10-08,Celta,ilaix-moriba,Ilaix Moriba Encadena cinco titularidades; sostiene el doble,importantes,4
2026-10-08,Celta,ferran-jutgla,Ferran Jutglà Solo fue suplente ante Getafe; marcó contra Má,importantes,4
2026-10-08,Celta,carl-starfelt,"Carl Starfelt Dos titularidades recientes y gol ante Getafe,",rotacion,3
2026-10-08,Celta,lvaro-nunez,Álvaro Núñez Tres titularidades y dos suplencias recientes; ,rotacion,3
2026-10-08,Celta,javi-rueda,Javi Rueda Tres titularidades y dos entradas desde el banqui,rotacion,3
2026-10-08,Celta,javi-rodriguez,Javi Rodríguez Giráldez mantiene máxima confianza en él; cua,rotacion,3
2026-10-08,Celta,sebastian-caceres,Sebastián Cáceres Dos titularidades consecutivas desde su ll,rotacion,3
2026-10-08,Celta,sergio-carreira,Sergio Carreira Alterna titularidad y banquillo sin desapare,rotacion,3
2026-10-08,Celta,aleix-febas,Aleix Febas Fue titular ante Athletic y sigue siendo alterna,rotacion,3
2026-10-08,Celta,williot-swedberg,Williot Swedberg Tres titularidades y una aparición como sup,rotacion,3
2026-10-08,Celta,hugo-lvarez-,Hugo Álvarez Encadena dos titularidades y firmó dos asistenc,rotacion,3
2026-10-08,Celta,hugo-gonzalez,Hugo González Solo fue suplente en Anoeta; suma cuatro titul,rotacion,3
2026-10-08,Celta,pablo-duran,"Pablo Durán Solo una titularidad, pero tres participaciones ",rotacion,3
2026-10-08,Celta,iago-aspas,"Iago Aspas Capitán con peso ofensivo, pero antes de su baja ",rotacion,3
2026-10-08,Celta,javi-galan,Javi Galán Una titularidad y tres entradas desde el banquill,revulsivos,2
2026-10-08,Celta,couhaib-driouech,"Couhaib Driouech Sin titularidades, encadenó tres entradas d",revulsivos,2
2026-10-08,Celta,jones-el-abdellaoui,Jones El-Abdellaoui Antes de su operación alternaba titulari,revulsivos,2
2026-10-08,Celta,borja-iglesias,"Borja Iglesias Sigue siendo referencia de área, pero Jutglà ",revulsivos,2
2026-10-08,Celta,altay-bayindir,Altay Bayindir Sin minutos ligueros; llegó para competir con,reservas,1
2026-10-08,Celta,ivan-villar,Iván Villar Tercer portero y sin minutos; aparece en algunas,reservas,1
2026-10-08,Celta,abdoulaye-faye,Abdoulaye Faye Titular ante Athletic y sin minutos después; ,reservas,1
2026-10-08,Celta,andres-antanon,"Andrés Antañón Fue titular en Anoeta, pero su participación ",reservas,1
2026-10-08,Celta,hugo-burcio,"Hugo Burcio Ha entrado en los dos últimos partidos, siempre ",reservas,1
2026-10-08,Deportivo,leo-roman,Leo Román Portero titular indiscutible; ha iniciado las siet,clave,5
2026-10-08,Deportivo,jose-maria-gimenez,"José María Giménez Titular desde su llegada, líder inmediato",clave,5
2026-10-08,Deportivo,mario-soriano,Mario Soriano Pilar organizativo; su suplencia ante Sevilla ,clave,5
2026-10-08,Deportivo,lorenzo-amatucci,Lorenzo Amatucci Motor del centro del campo y titular siempr,clave,5
2026-10-08,Deportivo,pierre-emerick-aubameyang,"Pierre-Emerick Aubameyang Referencia ofensiva, goleador prin",clave,5
2026-10-08,Deportivo,ximo-navarro,Ximo Navarro Lateral prioritario y capitán; fue titular en l,importantes,4
2026-10-08,Deportivo,giacomo-quagliata,Giacomo Quagliata Lateral con clara ventaja actual y seis ti,importantes,4
2026-10-08,Deportivo,luismi-cruz,Luismi Cruz Habitual en el once y muy utilizado por Hidalgo;,importantes,4
2026-10-08,Deportivo,bil-nsongo,Bil Nsongo Titular continuado junto al punta principal; Hida,importantes,4
2026-10-08,Deportivo,miguel-loureiro,Miguel Loureiro Ha sido titular y también utilizado desde el,rotacion,3
2026-10-08,Deportivo,lucas-noubi,"Lucas Noubi Cinco titularidades completas, pero dos suplenci",rotacion,3
2026-10-08,Deportivo,adria-altimira,Adrià Altimira Cuenta con titularidades y minutos desde el b,rotacion,3
2026-10-08,Deportivo,bright-ede,Bright Ede Tres titularidades y cuatro apariciones; compite ,rotacion,3
2026-10-08,Deportivo,marc-casado,Marc Casadó Dos titularidades en tres apariciones; no llegó ,rotacion,3
2026-10-08,Deportivo,riki-rodriguez,Riki Rodríguez Cuatro titularidades recientes confirman su p,rotacion,3
2026-10-08,Deportivo,yeremay-hernandez,Yeremay Hernández Capitán y futbolista de enorme peso técnic,rotacion,3
2026-10-08,Deportivo,jonathan-asp-jensen,Jonathan Asp Jensen Combina titularidades y apariciones como,revulsivos,2
2026-10-08,Deportivo,diego-villares,Diego Villares Capitán con escasa participación previa; su g,revulsivos,2
2026-10-08,Deportivo,zakaria-eddahchouri,Zakaria Eddahchouri Recurso habitual para refrescar el ataqu,revulsivos,2
2026-10-08,Deportivo,adama-traore-cachas,Adama Traoré Ha participado desde el banquillo en todos los ,revulsivos,2
2026-10-08,Deportivo,german-parreno,Germán Parreño Tercer portero de facto; mantiene liderazgo i,reservas,1
2026-10-08,Deportivo,alvaro-fernandez,Álvaro Fernández Suplente habitual de Leo Román en las convo,reservas,1
2026-10-08,Deportivo,angelino,Angeliño Ya recibió una titularidad y compite directamente c,reservas,1
2026-10-08,Deportivo,dani-barcia,Dani Barcia Sin participación y fuera de los planes priorita,reservas,1
2026-10-08,Deportivo,arnau-comas,Arnau Comas Sin minutos oficiales y claramente relegado; el ,reservas,1
2026-10-08,Deportivo,noe-carrillo,"Noé Carrillo Canterano próximo al primer equipo, pero todaví",reservas,1
2026-10-08,Deportivo,david-mella,David Mella Su primera titularidad llegó ante Betis tras var,reservas,1
2026-10-08,Elche,victor-chust,"Víctor Chust Central fijo y referencia defensiva, titular co",clave,5
2026-10-08,Elche,german-valera,"Germán Valera Atacante de máxima confianza, titular práctica",clave,5
2026-10-08,Elche,gonzalo-villar,"Gonzalo Villar Organizador principal del mediocampo, titular",clave,5
2026-10-08,Elche,fernando-nino,Fernando Niño Se ha asentado como delantero principal y máxi,clave,5
2026-10-08,Elche,matias-dituro,Matías Dituro Portero titular pese a algunas dudas recientes,importantes,4
2026-10-08,Elche,buba-sangare,Buba Sangaré Titular fijo en el costado derecho; su lesión a,importantes,4
2026-10-08,Elche,roy-revivo,Roy Revivo Se ha adueñado del carril izquierdo desde su lleg,importantes,4
2026-10-08,Elche,javi-morcillo,Javi Morcillo Ha ganado mucho terreno y ya entra regularment,importantes,4
2026-10-08,Elche,federico-redondo,Federico Redondo Anselmi lo ha consolidado como líbero; su c,importantes,4
2026-10-08,Elche,pedro-bigas,"Pedro Bigas Ha perdido la condición de fijo, pero continúa s",rotacion,3
2026-10-08,Elche,marc-aguado,Marc Aguado Alterna titularidades y banquillo en una medular,rotacion,3
2026-10-08,Elche,facundo-buonanotte,"Facundo Buonanotte Empezó con continuidad como titular, pero",rotacion,3
2026-10-08,Elche,tete-morente,"Tete Morente Su polivalencia le mantiene muy presente, alter",rotacion,3
2026-10-08,Elche,thomas-lemar,Thomas Lemar Su protagonismo crece progresivamente; tras var,rotacion,3
2026-10-08,Elche,lucas-cepeda,"Lucas Cepeda Venía siendo un revulsivo frecuente, pero su pr",rotacion,3
2026-10-08,Elche,ruben-sanchez-1,"Rubén Sánchez Principal relevo de Buba, entra con frecuencia",revulsivos,2
2026-10-08,Elche,josan,Josan Ferrández Veterano utilizado para cerrar o agitar part,revulsivos,2
2026-10-08,Elche,abiel-osorio,Abiel Osorio Alternativa ofensiva habitual desde el banquill,revulsivos,2
2026-10-08,Elche,alejandro-iturbe,"Alejandro Iturbe Segundo portero claro, permanece como suple",reservas,1
2026-10-08,Elche,matia-barzic,"Matia Barzic Su estreno ante el Espanyol fue positivo, pero ",reservas,1
2026-10-08,Elche,kevin-lomonaco,Kevin Lomónaco Aún completa su adaptación al fútbol español;,reservas,1
2026-10-08,Elche,bambo-diaby,Bambo Diaby Está disponible pero no entra en las convocatori,reservas,1
2026-10-08,Elche,adam-boayar,"Adam Boayar Ya trabaja tras superar su lesión, pero aún no h",reservas,1
2026-10-08,Elche,-ali-houary,"Ali Houary Comenzó teniendo alguna oportunidad como titular,",reservas,1
2026-10-08,Elche,grady-diangana,Grady Diangana Tras superar sus problemas físicos ha regresa,reservas,1
2026-10-08,Elche,martim-neto,"Martim Neto Cuenta para rotaciones puntuales del mediocampo,",reservas,1
2026-10-08,Elche,yago-santiago,"Yago Santiago Continúa recuperándose de su rodilla y, por ah",reservas,1
2026-10-08,Elche,ezequiel-ponce,Ezequiel Ponce Tuvo oportunidades inmediatamente tras llegar,reservas,1
2026-10-08,Espanyol,marko-dmitrovic,"Marko Dmitrovic Portero titular indiscutible, sin competenci",clave,5
2026-10-08,Espanyol,leandro-cabrera,"Leandro Cabrera Central de máxima confianza para Manolo, tit",clave,5
2026-10-08,Espanyol,omar-el-hilali,Omar El Hilali Dueño del lateral derecho cuando está disponi,clave,5
2026-10-08,Espanyol,edu-exposito,Edu Expósito Centrocampista fundamental por juego y jerarquí,clave,5
2026-10-08,Espanyol,javier-hernandez,Javier Hernández Futbolista imprescindible por rendimiento y,clave,5
2026-10-08,Espanyol,roberto-fernandez-1,Roberto Fernández Referencia ofensiva y goleadora del equipo,clave,5
2026-10-08,Espanyol,roger-hinojo,"Roger Hinojo Parte con ventaja en el lateral izquierdo, pero",importantes,4
2026-10-08,Espanyol,urko-gonzalez-de-zarate,Urko González de Zarate Sigue partiendo con ventaja en el ce,importantes,4
2026-10-08,Espanyol,clemens-riedel,Clemens Riedel Central plenamente integrado en la pelea por ,rotacion,3
2026-10-08,Espanyol,unai-nunez,Unai Núñez Compite de forma directa por la segunda plaza de ,rotacion,3
2026-10-08,Espanyol,quilindschy-hartman,Quilindschy Hartman Cada vez amenaza más la titularidad de H,rotacion,3
2026-10-08,Espanyol,lex-calatrava,"Álex Calatrava Alternativa habitual para el once, utilizado ",rotacion,3
2026-10-08,Espanyol,bryan-zaragoza,Bryan Zaragoza Ha ganado protagonismo y ya compite directame,rotacion,3
2026-10-08,Espanyol,gabriel-moscardo,"Gabriel Moscardo Compite directamente con Urko y Edu, acumul",rotacion,3
2026-10-08,Espanyol,tyrhys-dolan,"Tyrhys Dolan Extremo con ventaja sobre sus competidores, aun",rotacion,3
2026-10-08,Espanyol,pere-milla,Pere Milla Alternativa ofensiva utilizada principalmente dur,revulsivos,2
2026-10-08,Espanyol,marcos-fernandez-1,Marcos Fernández Recurso ofensivo habitual desde el banquill,revulsivos,2
2026-10-08,Espanyol,javi-puado,"Javi Puado Capitán y jugador de máxima consideración, aunque",revulsivos,2
2026-10-08,Espanyol,ngel-fortuno,"Ángel Fortuño Segundo portero del equipo, preparado para cub",reservas,1
2026-10-08,Espanyol,andoni-gorosabel,Andoni Gorosabel Recién incorporado y todavía por detrás de ,reservas,1
2026-10-08,Espanyol,vanja-drkusic,Vanja Drkusic Ha perdido protagonismo en la competencia de c,reservas,1
2026-10-08,Espanyol,pol-lozano,Pol Lozano Centrocampista actualmente relegado detrás de Urk,reservas,1
2026-10-08,Espanyol,jofre-carreras,Jofre Carreras Ha perdido protagonismo entre la elevada comp,reservas,1
2026-10-08,Espanyol,rafel-bauza,Rafel Bauzà Centrocampista situado por detrás de las princip,reservas,1
2026-10-08,Espanyol,kike-garcia,Kike García Delantero con capacidad para competir por titula,reservas,1
2026-10-08,Getafe,david-soria,David Soria Ha disputado completos los siete partidos de Lig,clave,5
2026-10-08,Getafe,zaid-romero,Zaid Romero Ha sido titular siempre que estuvo disponible; s,clave,5
2026-10-08,Getafe,nemanja-gudelj,"Nemanja Gudelj Se ha asentado en defensa, aunque el regreso ",clave,5
2026-10-08,Getafe,johan-mojica,Johan Mojica Domina el costado izquierdo y mantiene una vent,clave,5
2026-10-08,Getafe,dakonam-djene,"Dakonam Djené Capitán y titular constante, conserva un puest",clave,5
2026-10-08,Getafe,orel-mangala,Orel Mangala Pieza habitual del centro del campo; participó ,clave,5
2026-10-08,Getafe,terrats,Ramón Terrats Titular habitual y principal recurso creativo ,clave,5
2026-10-08,Getafe,enes-unal,Enes Ünal Participa en todos los encuentros y suele ser titu,clave,5
2026-10-08,Getafe,martin-satriano,Martín Satriano Referencia ofensiva y titular constante; sus,clave,5
2026-10-08,Getafe,kiko-femenia,Kiko Femenia Competía por la derecha antes de lesionarse; An,importantes,4
2026-10-08,Getafe,mario-martin,Mario Martín Encadenó tres titularidades antes de su sanción,importantes,4
2026-10-08,Getafe,davinchi,Davinchi Sus dos titularidades terminaron al descanso; con M,rotacion,3
2026-10-08,Getafe,andres-garcia,Andrés García Acumula titularidades y cubre varias funciones,rotacion,3
2026-10-08,Getafe,francho-serrano,Francho Serrano Alterna titularidades y banquillo según el d,rotacion,3
2026-10-08,Getafe,sebastian-boselli,Sebastián Boselli Entró cuatro veces desde el banquillo y cu,revulsivos,2
2026-10-08,Getafe,borja-mayoral,"Borja Mayoral Apenas suma cinco minutos de Liga; Satriano, Ü",revulsivos,2
2026-10-08,Getafe,ivan-azon,"Iván Azón Sus últimas titularidades, la asistencia ante el D",revulsivos,2
2026-10-08,Getafe,jiri-letacek,Jiri Letácek Suplente de Soria sin minutos de Liga; depende ,reservas,1
2026-10-08,Getafe,jean-ives-valou,Jean Ives Valou Una sola aparición de 17 minutos; permanece ,reservas,1
2026-10-08,Getafe,saba-sazonov,Saba Sazonov Una titularidad y tres entradas breves; otros c,reservas,1
2026-10-08,Getafe,abdel-abqar,"Abdel Abqar Comenzó como titular, pero Gudelj ganó terreno d",reservas,1
2026-10-08,Getafe,chrisantus-uche,Christantus Uche Su grave lesión le deja fuera toda la tempo,reservas,1
2026-10-08,Getafe,juanmi-jimenez,Juanmi Jiménez Sigue fuera por su lesión de rodilla y no ten,reservas,1
2026-10-08,Levante,mat-ryan,Mathew Ryan Ha jugado completos los seis partidos disputados,clave,5
2026-10-08,Levante,adrian-de-la-fuente,Adrián de la Fuente Ha salido de inicio en los seis partidos,clave,5
2026-10-08,Levante,manu-sanchez,"Manu Sánchez Titular en las seis jornadas disputadas, domina",clave,5
2026-10-08,Levante,aissa-mandi,"Aissa Mandi Titular en todos los encuentros, mantiene un pue",clave,5
2026-10-08,Levante,jon-ander-olasagasti,Jon Ander Olasagasti Titular en los seis partidos; Castro ma,clave,5
2026-10-08,Levante,nacho-perez-1,"Nacho Pérez Encadenó titularidades, pero Toljan salió de ini",importantes,4
2026-10-08,Levante,oriol-rey,Oriol Rey Pivote habitual; su suplencia ante el Barcelona fu,importantes,4
2026-10-08,Levante,enzo-bardelli,Enzo Bardelli Titular en cuatro de los cinco últimos partido,importantes,4
2026-10-08,Levante,thiago-fernandez,Thiago Fernández Cuatro titularidades recientes le dan venta,importantes,4
2026-10-08,Levante,ivan-romero,Iván Romero Delantero preferente; volvió al once tras su sup,importantes,4
2026-10-08,Levante,roger-brugue,Roger Brugué Titular en sus cinco partidos de Liga y princip,importantes,4
2026-10-08,Levante,victor-garcia-1,"Víctor García Alterna banquillo y once, con minutos frecuent",rotacion,3
2026-10-08,Levante,jeremy-toljan,Jeremy Toljan Pasó de entrar desde el banquillo a ser titula,rotacion,3
2026-10-08,Levante,ifeanyi-ndukwe,Ifeanyi Ndukwe Dos entradas recientes para cubrir la defensa,revulsivos,2
2026-10-08,Levante,hugo-sotelo,Hugo Sotelo Solía entrar para reforzar la medular y fue titu,revulsivos,2
2026-10-08,Levante,etta-eyong,Karl Etta Eyong Sus apariciones fueron desde el banquillo; I,revulsivos,2
2026-10-08,Levante,alejandro-primo,"Alejandro Primo Tercer guardameta, sin minutos ni presencia ",reservas,1
2026-10-08,Levante,pablo-campos,"Pablo Campos Segundo portero, convocado habitualmente pero s",reservas,1
2026-10-08,Levante,marc-santos,Marc Santos Solo jugó en la primera jornada; continúa convoc,reservas,1
2026-10-08,Levante,jorge-cabello,Jorge Cabello Todavía no ha debutado; queda como alternativa,reservas,1
2026-10-08,Levante,axel-tape,Axel Tape Sigue sin debutar tras llegar para ampliar las alt,reservas,1
2026-10-08,Levante,dani-requena,Dani Requena Entró desde el banquillo ante Málaga y Villarre,reservas,1
2026-10-08,Levante,paco-cortes,Paco Cortés Tuvo minutos al comienzo del curso; sus opciones,reservas,1
2026-10-08,Levante,petar-ratkov,Petar Ratkov Una titularidad ante el Barcelona y una entrada,reservas,1
2026-10-08,Levante,yanis-musuayi,Yanis Musuayi Dos entradas desde el banquillo; aún no recibe,reservas,1
2026-10-08,Málaga,alfonso-herrero,Alfonso Herrero Ha disputado todos los minutos de Liga y man,clave,5
2026-10-08,Málaga,rafa-garrido,"Rafa Garrido Titular en las siete jornadas, conserva su siti",clave,5
2026-10-08,Málaga,einar-galilea,Einar Galilea Central habitual; Berrocal lo sustituyó en Get,clave,5
2026-10-08,Málaga,angel-recio,Angel Recio Ha completado los siete partidos; Funes lo manti,clave,5
2026-10-08,Málaga,david-larrubia,David Larrubia Encadena titularidades y concentra buena part,clave,5
2026-10-08,Málaga,carlos-dotor,Carlos Dotor Ha sido titular siempre que ha jugado y sigue o,clave,5
2026-10-08,Málaga,chupete,Chupete Referencia habitual del ataque; su suplencia ante Ge,clave,5
2026-10-08,Málaga,izan-merino,Izan Merino Acumula cinco titularidades ligueras; su suplenc,importantes,4
2026-10-08,Málaga,dani-lorenzo-1,"Dani Lorenzo Habitual del once y pieza del mediocampo, aunqu",importantes,4
2026-10-08,Málaga,fernando-calero,Fernando Calero La lesión costal retrasó su debut; llegó par,rotacion,3
2026-10-08,Málaga,carlos-puga,Carlos Puga Alterna titularidades y entradas desde el banqui,rotacion,3
2026-10-08,Málaga,jose-salinas,José Salinas Encadena cuatro titularidades y se ha asentado ,rotacion,3
2026-10-08,Málaga,juan-berrocal,Juan Berrocal Debutó desde el banquillo y ya fue titular ant,rotacion,3
2026-10-08,Málaga,juan-cruz-2,Juan Cruz Alterna dos titularidades recientes con entradas d,rotacion,3
2026-10-08,Málaga,joaquin-munoz,Joaquín Muñoz Parte de inicio con frecuencia y conserva vent,rotacion,3
2026-10-08,Málaga,rafa-rodriguez,"Rafa Rodríguez Ha recibido dos titularidades recientes, aunq",rotacion,3
2026-10-08,Málaga,pablo-martinez,"Pablo Martínez Alterna titularidades y banquillo, con partic",rotacion,3
2026-10-08,Málaga,ramon-enriquez,Ramón Enríquez Ha participado en las siete jornadas entrando,revulsivos,2
2026-10-08,Málaga,adrian-nino,Adrián Niño Ha vuelto con tres entradas consecutivas y un go,revulsivos,2
2026-10-08,Málaga,carlos-lopez,"Carlos López Suplente habitual de Herrero, todavía sin minut",reservas,1
2026-10-08,Málaga,adam-aznou,Adam Aznou Todavía no debuta y deberá ganar terreno a Salina,reservas,1
2026-10-08,Málaga,diego-murillo,Diego Murillo Fue indiscutible en el ascenso; su operación d,reservas,1
2026-10-08,Málaga,lex-pastor,"Álex Pastor Entra en convocatorias, pero aún no ha jugado; R",reservas,1
2026-10-08,Málaga,aaron-ochoa,Aarón Ochoa Antes de operarse la rodilla aportaba minutos de,reservas,1
2026-10-08,Málaga,jens-cajuste,"Jens Cajuste El fichaje apenas suma cuatro minutos, pero est",reservas,1
2026-10-08,Málaga,haitam-abaida,Haitam Abaida Solo acumula dos apariciones breves; otros ata,reservas,1
2026-10-08,Málaga,julen-lobete,Julen Lobete Su lesión de rodilla frenó a un atacante que ve,reservas,1
2026-10-08,Málaga,eneko-jauregi,Eneko Jauregi Fue titular ante Getafe por el cansancio de Ch,reservas,1
2026-10-08,Osasuna,alejandro-catena,Alejandro Catena Titular en cuatro de cinco; referencia esta,clave,5
2026-10-08,Osasuna,jon-moncayola,Jon Moncayola Titular en cuatro de cinco y pieza central del,clave,5
2026-10-08,Osasuna,ante-budimir,Ante Budimir Titular en cuatro de cinco y referencia ofensiv,clave,5
2026-10-08,Osasuna,inigo-arguibide,Iñigo Arguibide Titular en todos los partidos ligueros; Rosi,importantes,4
2026-10-08,Osasuna,jorge-herrando,Jorge Herrando Formaba parte del once antes de lesionarse an,importantes,4
2026-10-08,Osasuna,ruben-garcia,Rubén García Titular en cuatro de cinco y primera opción hab,importantes,4
2026-10-08,Osasuna,moi-gomez,Moi Gómez Era titular habitual hasta lesionarse en Vitoria; ,importantes,4
2026-10-08,Osasuna,iker-munoz,Iker Muñoz Titular en cuatro de cinco y actualmente por dela,importantes,4
2026-10-08,Osasuna,aimar-oroz,Aimar Oroz Era titular fijo hasta lesionarse ante Getafe; su,importantes,4
2026-10-08,Osasuna,aitor-fernandez,Aitor Fernández Dos titularidades consecutivas han abierto c,rotacion,3
2026-10-08,Osasuna,sergio-herrera,"Sergio Herrera Titular en tres de cinco, pero suplente en la",rotacion,3
2026-10-08,Osasuna,unai-santos,Unai Santos Se ha hecho un hueco en las decisiones de Ramis ,rotacion,3
2026-10-08,Osasuna,abel-bretones,Abel Bretones Tres titularidades y dos entradas desde el ban,rotacion,3
2026-10-08,Osasuna,diego-rico,Diego Rico Dos titularidades recientes y presencia creciente,rotacion,3
2026-10-08,Osasuna,boyomo,Boyomo Dos titularidades y una entrada por lesión; alterna p,rotacion,3
2026-10-08,Osasuna,lucas-torro,Lucas Torró Una titularidad y dos entradas recientes; Iker y,rotacion,3
2026-10-08,Osasuna,asier-osambela,Asier Osambela Dos titularidades consecutivas después de dos,rotacion,3
2026-10-08,Osasuna,kike-barja,Kike Barja Dos titularidades y dos entradas; cuenta regularm,rotacion,3
2026-10-08,Osasuna,raul-garcia-1,Raúl García Tres titularidades y dos entradas; Ramis alterna,rotacion,3
2026-10-08,Osasuna,raul-moro,Raul Moro Una titularidad y tres entradas antes de lesionars,revulsivos,2
2026-10-08,Osasuna,jonathan-dubasin,"Jonathan Dubasin Ha participado en las cinco jornadas, cuatr",revulsivos,2
2026-10-08,Osasuna,romain-del-castillo,Romain Del Castillo Sin titularidades y con dos entradas des,revulsivos,2
2026-10-08,Osasuna,rockson-yeboah,Rockson Yeboah Dos titularidades y otra aparición desde el b,reservas,1
2026-10-08,Osasuna,valentin-rosier,Valentin Rosier Lesionado durante toda la muestra; volverá c,reservas,1
2026-10-08,Osasuna,mauro-echegoyen,"Mauro Echegoyen Convocado con frecuencia, pero todavía sin m",reservas,1
2026-10-08,Racing,julen-agirrezabala,Julen Agirrezabala Ha disputado los 630 minutos de Liga; Eri,clave,5
2026-10-08,Racing,lvaro-mantilla,Álvaro Mantilla Titular en seis jornadas; solo descansó dura,clave,5
2026-10-08,Racing,jorge-salinas,Jorge Salinas Titular en las siete jornadas y dueño del late,clave,5
2026-10-08,Racing,sergio-canales,Sergio Canales Organiza el ataque y juega habitualmente de i,clave,5
2026-10-08,Racing,inigo-vicente,Iñigo Vicente Sigue siendo la referencia creativa por la izq,clave,5
2026-10-08,Racing,ivan-martin,Iván Martín Titular en cuatro de las cinco últimas jornadas;,clave,5
2026-10-08,Racing,jeanul-belocian,Jeanuël Belocian Elegido de inicio ante Alavés y Celta; tien,importantes,4
2026-10-08,Racing,pablo-ramon,Pablo Ramón Titular en los partidos principales tras superar,importantes,4
2026-10-08,Racing,matteo-prati,Matteo Prati Encadenó tres titularidades antes de descansar ,importantes,4
2026-10-08,Racing,andres-martin,Andrés Martín Titular en las tres primeras jornadas y máximo,importantes,4
2026-10-08,Racing,yassir-zabiri,Yassir Zabiri Suma seis goles y ha consolidado la delantera;,importantes,4
2026-10-08,Racing,pablo-garcia-1,"Pablo García Ha sido titular ante Rayo, Alavés y Celta; Andr",importantes,4
2026-10-08,Racing,facundo-gonzalez,Facundo González Alterna titularidades y banquillo; inició l,rotacion,3
2026-10-08,Racing,pedro-felipe,Pedro Felipe Empezó la Liga como titular y repitió ante Barc,rotacion,3
2026-10-08,Racing,manu-hernando,"Manu Hernando Comenzó como titular, pero Belocian le adelant",rotacion,3
2026-10-08,Racing,andre-almeida-1,André Almeida Pasó de entrar como sustituto a ser titular en,revulsivos,2
2026-10-08,Racing,iker-luque,Iker Luque Ganó minutos entrando ante Alavés y Barcelona; fu,revulsivos,2
2026-10-08,Racing,asier-villalibre,Asier Villalibre Relevo frecuente en punta; sus titularidade,revulsivos,2
2026-10-08,Racing,giorgi-guliashvili,Giorgi Guliashvili Sus cuatro apariciones han llegado desde ,revulsivos,2
2026-10-08,Racing,simon-eriksson,"Simon Eriksson Segundo portero, sin minutos ligueros; Agirre",reservas,1
2026-10-08,Racing,aaron-martin,Aarón Martín Salinas y Mantilla acaparan los laterales; solo,reservas,1
2026-10-08,Racing,nigo-sainz-maza,Íñigo Sainz-Maza Apenas participa en el mediocampo; su titul,reservas,1
2026-10-08,Racing,maguette-gueye,Maguette Gueye Suele participar como sustituto; inició ante ,reservas,1
2026-10-08,Racing,juan-carlos-arana,Juan Carlos Arana Sus minutos son escasos; fue titular ante ,reservas,1
2026-10-08,Rayo,florian-lejeune,Florian Lejeune Ha jugado todos los minutos ligueros; conser,clave,5
2026-10-08,Rayo,andrei-florin,Andrei Ratiu Recuperó el once tras una suplencia puntual y m,clave,5
2026-10-08,Rayo,pathe-ciss,Pathé Ciss Ha jugado todos los minutos y Beñat cuenta con él,clave,5
2026-10-08,Rayo,unai-lopez,Unai López Titular constante y organizador del juego; Beñat ,clave,5
2026-10-08,Rayo,alvaro-garcia,Álvaro García Ha sido titular en los cinco encuentros recien,clave,5
2026-10-08,Rayo,isi-palazon,Isi Palazón Era titular y referente ofensivo antes de lesion,clave,5
2026-10-08,Rayo,jorge-de-frutos,Jorge de Frutos Volvió directamente al once tras cumplir san,clave,5
2026-10-08,Rayo,sergio-camello,Sergio Camello Titular en todas las jornadas y máximo golead,clave,5
2026-10-08,Rayo,emil-audero,Emil Audero Ha encadenado tres titularidades desde su debut ,importantes,4
2026-10-08,Rayo,adria-pedrosa,Adrià Pedrosa Se hizo con el lateral izquierdo y ha conserva,importantes,4
2026-10-08,Rayo,mujaid-sadick,"Mujaid Sadick Tras debutar como suplente, ha sido titular do",rotacion,3
2026-10-08,Rayo,gnangoro-bouare,Gnangoro Bouare Ha tenido oportunidades de inicio y también ,rotacion,3
2026-10-08,Rayo,scar-valentin,Óscar Valentín Alterna el once con el banquillo y sigue entr,rotacion,3
2026-10-08,Rayo,pedro-diaz,Pedro Díaz Alterna titularidades y entradas desde el banquil,rotacion,3
2026-10-08,Rayo,ivan-balliu,Iván Balliu Suele entrar desde el banquillo; Ratiu y Pedrosa,revulsivos,2
2026-10-08,Rayo,fran-perez,Fran Pérez Participa habitualmente como sustituto por banda;,revulsivos,2
2026-10-08,Rayo,georgiy-tsitaishvili,Georgiy Tsitaishvili Encadenó titularidades durante la sanci,revulsivos,2
2026-10-08,Rayo,rayane-belaid,"Rayane Belaid Debutó desde el banquillo ante el Madrid, pero",revulsivos,2
2026-10-08,Rayo,randy-nteka,Randy Nteka Empezó el curso como titular y después entró com,revulsivos,2
2026-10-08,Rayo,alemo,"Alemão Entra con frecuencia para relevar a Camello, pero el ",revulsivos,2
2026-10-08,Rayo,dani-cardenas,"Dani Cárdenas Cubrió la baja de Batalla, pero Audero le arre",reservas,1
2026-10-08,Rayo,augusto-batalla,Augusto Batalla Era el portero titular antes de su fractura ,reservas,1
2026-10-08,Rayo,luiz-felipe,Luiz Felipe Su papel previo le da opciones de competir por l,reservas,1
2026-10-08,Rayo,jozhua-vertrouwd,"Jozhua Vertrouwd Partía como titular antes de lesionarse, pe",reservas,1
2026-10-08,Rayo,pelayo-fernandez,Pelayo Fernández Participó al comienzo del campeonato; despu,reservas,1
2026-10-08,Rayo,marash-kumbulla,"Marash Kumbulla Vuelve a las convocatorias, pero todavía no ",reservas,1
2026-10-08,Real Madrid,thibaut-courtois,Thibaut Courtois Ha disputado completos los cinco encuentros,clave,5
2026-10-08,Real Madrid,dean-huijsen,Dean Huijsen Titular en cuatro de cinco jornadas; Rüdiger co,clave,5
2026-10-08,Real Madrid,federico-valverde,Federico Valverde Titular en los cinco partidos y eje del me,clave,5
2026-10-08,Real Madrid,jude-bellingham,Jude Bellingham Solo descansó de inicio ante el Elche; Mouri,clave,5
2026-10-08,Real Madrid,vinicius-junior,Vinicius Junior Ha sido titular en los cinco encuentros; sus,clave,5
2026-10-08,Real Madrid,marc-cucurella,Marc Cucurella Titular en cuatro de cinco jornadas y ante el,importantes,4
2026-10-08,Real Madrid,denzel-dumfries,"Denzel Dumfries Mourinho lo eligió de inicio ante Betis, Ray",importantes,4
2026-10-08,Real Madrid,ibrahima-konate,Ibrahima Konaté Encadena cuatro titularidades ligueras y tam,importantes,4
2026-10-08,Real Madrid,aurelien-tchouameni,"Aurélien Tchouaméni Tras reincorporarse, enlazó dos titulari",importantes,4
2026-10-08,Real Madrid,arda-gler,Arda Güler Ha iniciado tres de los cinco partidos; aporta cr,importantes,4
2026-10-08,Real Madrid,antonio-rudiger,Antonio Rüdiger Alterna titularidad y banquillo en una zaga ,rotacion,3
2026-10-08,Real Madrid,trent-alexander-arnold,"Trent Alexander-Arnold Ha sido titular dos veces, pero Dumfr",rotacion,3
2026-10-08,Real Madrid,lvaro-fernandez-1,Álvaro F. Carreras Ha tenido una titularidad reciente y sigu,rotacion,3
2026-10-08,Real Madrid,bernardo-silva,Bernardo Silva Combina entradas frecuentes con alguna titula,rotacion,3
2026-10-08,Real Madrid,eduardo-camavinga,Eduardo Camavinga Alterna titularidades y entradas desde el ,rotacion,3
2026-10-08,Real Madrid,brahim-diaz,Brahim Díaz Fue titular ante Málaga e Inter; Güler y Diomand,rotacion,3
2026-10-08,Real Madrid,yan-diomande,"Yan Diomande Fue titular ante Rayo y Elche, y entró en el de",rotacion,3
2026-10-08,Real Madrid,carlos-espi,Carlos Espí Sale para reforzar el ataque en tramos finales y,revulsivos,2
2026-10-08,Real Madrid,andriy-lunin,"Andriy Lunin Entra en las convocatorias, pero sigue sin minu",reservas,1
2026-10-08,Real Madrid,der-milito,Éder Militão Era titular antes de lesionarse; Konaté y Huijs,reservas,1
2026-10-08,Real Madrid,ferland-mendy,Ferland Mendy Continúa recuperándose de una lesión larga; Cu,reservas,1
2026-10-08,Real Madrid,raul-asencio-1,"Raúl Asencio Ha regresado al banquillo, pero sigue sin jugar",reservas,1
2026-10-08,Real Madrid,thiago-pitarch,"Thiago Pitarch Figura en las convocatorias recientes, aunque",reservas,1
2026-10-08,Real Madrid,endrick,"Endrick Tras volver a las convocatorias, apenas jugó unos mi",reservas,1
2026-10-08,Real Madrid,rodrygo-goes,Rodrygo Goes Antes de su grave lesión jugaba mayoritariament,reservas,1
2026-10-08,Real Sociedad,alex-remiro,Álex Remiro Mantiene la prioridad en Liga; su suplencia ante,clave,5
2026-10-08,Real Sociedad,jon-martin,Jon Martín Recuperó directamente la titularidad tras cumplir,clave,5
2026-10-08,Real Sociedad,jon-aramburu,Jon Aramburu Conserva el lateral derecho y ha sido titular e,clave,5
2026-10-08,Real Sociedad,sergio-gomez,"Sergio Gómez Titular en las cinco jornadas, conserva un pues",clave,5
2026-10-08,Real Sociedad,mikel-oyarzabal,Mikel Oyarzabal Capitán y titular en las cinco jornadas; sig,clave,5
2026-10-08,Real Sociedad,igor-zubeldia,Igor Zubeldia Es un central de referencia para Matarazzo y f,importantes,4
2026-10-08,Real Sociedad,carlos-soler,Carlos Soler Parte habitualmente de inicio y conserva ventaj,importantes,4
2026-10-08,Real Sociedad,yangel-herrera,Yangel Herrera Acumula titularidades en el medio y mantiene ,importantes,4
2026-10-08,Real Sociedad,luka-sucic,Luka Sucic Titular habitual y decisivo con sus goles ante El,importantes,4
2026-10-08,Real Sociedad,goncalo-guedes,Gonçalo Guedes Ha encadenado tres titularidades ligueras y g,importantes,4
2026-10-08,Real Sociedad,mamadou-sarr,Mamadou Sarr Ha tenido dos titularidades ligueras y otra eur,rotacion,3
2026-10-08,Real Sociedad,ander-barrenetxea,Ander Barrenetxea Alterna descansos con titularidades y sigu,rotacion,3
2026-10-08,Real Sociedad,takefusa-kubo,Takefusa Kubo Ha perdido titularidades frente a otros atacan,rotacion,3
2026-10-08,Real Sociedad,jon-gorrotxategi,Jon Gorrotxategi Entra habitualmente desde el banquillo; su ,rotacion,3
2026-10-08,Real Sociedad,benat-turrientes,Beñat Turrientes Alterna titularidad y banquillo en el medio,rotacion,3
2026-10-08,Real Sociedad,job-ochieng,Job Ochieng Sus dos titularidades recientes y su participaci,rotacion,3
2026-10-08,Real Sociedad,orri-steinn-skarsson,Orri Steinn Óskarsson Combina titularidades con entradas com,rotacion,3
2026-10-08,Real Sociedad,hector-fort,Héctor Fort Cuenta con una entrada liguera y una titularidad,revulsivos,2
2026-10-08,Real Sociedad,alex-marchal,Alex Marchal El canterano ha recibido varias oportunidades c,revulsivos,2
2026-10-08,Real Sociedad,unai-marrero,Unai Marrero Es el recambio de Remiro; tuvo una titularidad ,reservas,1
2026-10-08,Real Sociedad,aihen-munoz,Aihen Muñoz Apenas participa en Liga mientras Sergio Gómez m,reservas,1
2026-10-08,Real Sociedad,luken-beitia,"Luken Beitia Aunque pertenece al Sanse, sus recientes titula",reservas,1
2026-10-08,Real Sociedad,jon-pacheco,Jon Pacheco Sus oportunidades son limitadas incluso cuando f,reservas,1
2026-10-08,Real Sociedad,alvaro-odriozola,Álvaro Odriozola Sigue recuperándose de una lesión de larga ,reservas,1
2026-10-08,Real Sociedad,pablo-marin,Pablo Marín Vuelve tras su lesión; antes alternaba once y ba,reservas,1
2026-10-08,Real Sociedad,arsen-zakharyan,Arsen Zakharyan Sus entradas recientes han sido breves y sig,reservas,1
2026-10-08,Sevilla,odysseas-vlachodimos,Odysseas Vlachodimos Titular en las siete jornadas; Fran Gon,clave,5
2026-10-08,Sevilla,kike-salas,Kike Salas Titular en cuatro de las cinco últimas jornadas; ,clave,5
2026-10-08,Sevilla,juan-iglesias,Juan Iglesias Titular en las siete jornadas; Carmona apenas ,clave,5
2026-10-08,Sevilla,gabriel-suazo,Gabriel Suazo Titular en las cinco últimas jornadas; Julio D,clave,5
2026-10-08,Sevilla,lucien-agoume,Lucien Agoume Titular en las siete jornadas; mantiene su sit,clave,5
2026-10-08,Sevilla,youssouf-fofana,Youssouf Fofana Titular en los tres partidos posteriores a s,clave,5
2026-10-08,Sevilla,andres-castrin,"Andrés Castrín Ha jugado los cinco últimos partidos, cuatro ",importantes,4
2026-10-08,Sevilla,jon-guridi,Jon Guridi Tres titularidades y dos entradas desde el banqui,importantes,4
2026-10-08,Sevilla,felix-correia,Félix Correia Titular en tres partidos consecutivos desde su,importantes,4
2026-10-08,Sevilla,miguel-sierra,Miguel Sierra Titular en las siete jornadas y autor de dos g,importantes,4
2026-10-08,Sevilla,lucas-stassin,Lucas Stassin Marcó entrando ante el Espanyol y después enca,importantes,4
2026-10-08,Sevilla,arouna-sangante,Arouna Sangante Titular ante Espanyol y Barcelona; disputa c,rotacion,3
2026-10-08,Sevilla,giorgi-kochorashvili-1,Giorgi Kochorashvili Dos titularidades y tres entradas desde,rotacion,3
2026-10-08,Sevilla,robbie-ure,Robbie Ure Tres titularidades en cinco jornadas; Stassin le ,rotacion,3
2026-10-08,Sevilla,chidera-ejuke,Chidera Ejuke Una titularidad y tres entradas desde el banqu,revulsivos,2
2026-10-08,Sevilla,isaac-romero,Isaac Romero Una titularidad y tres entradas desde el banqui,revulsivos,2
2026-10-08,Sevilla,ruben-vargas,Rubén Vargas Su peso ofensivo previo le mantiene como candid,revulsivos,2
2026-10-08,Sevilla,fran-gonzalez-2,"Fran González Suplente habitual de Odysseas, sin minutos lig",reservas,1
2026-10-08,Sevilla,julio-diaz,"Julio Díaz Tras empezar ante el Atlético, solo ha sumado dos",reservas,1
2026-10-08,Sevilla,jose-ngel-carmona,José Ángel Carmona Solo dos entradas breves en cinco jornada,reservas,1
2026-10-08,Sevilla,marcao,"Marcão Sin minutos ligueros; Castrín, Kike Salas y Sangante ",reservas,1
2026-10-08,Sevilla,alfonso-gonzalez,Alfonso González Solo ha tenido dos apariciones breves en ci,reservas,1
2026-10-08,Sevilla,manu-bueno,Manu Bueno Una entrada desde el banquillo en cinco jornadas;,reservas,1
2026-10-08,Sevilla,peque,"Peque Tras ser titular ante el Atlético, ha encadenado cuatr",reservas,1
2026-10-08,Valencia,stole-dimitrievski,Stole Dimitrievski Titular en las siete jornadas completas; ,clave,5
2026-10-08,Valencia,guido-rodriguez,Guido Rodríguez Titular cuando ha estado disponible; su regr,clave,5
2026-10-08,Valencia,javi-guerra-1,Javi Guerra Titular constante y referencia para avanzar y cr,clave,5
2026-10-08,Valencia,pablo-maffeo,Pablo Maffeo Titular en tres de las últimas cuatro jornadas;,importantes,4
2026-10-08,Valencia,jose-gaya,José Gayà Recuperó la titularidad en tres jornadas consecuti,importantes,4
2026-10-08,Valencia,cesar-tarrega,César Tárrega Titular recurrente antes de lesionarse; su pue,importantes,4
2026-10-08,Valencia,filip-ugrinic,Filip Ugrinic Encadena titularidades en distintas posiciones,importantes,4
2026-10-08,Valencia,pepelu,Pepelu Titular incluso como central para cubrir bajas; conse,importantes,4
2026-10-08,Valencia,arnaut-danjuma,Arnaut Danjuma Inició las cuatro últimas jornadas entre band,importantes,4
2026-10-08,Valencia,justin-de-haas,Justin de Haas Titular al comienzo y en las dos últimas jorn,rotacion,3
2026-10-08,Valencia,arnau-martinez,"Arnau Martínez Titular ante Deportivo, Barcelona y Sevilla; ",rotacion,3
2026-10-08,Valencia,jesus-vazquez-1,Jesús Vázquez Titular ante Deportivo y Barcelona; Gayà recup,rotacion,3
2026-10-08,Valencia,mouctar-diakhaby,"Mouctar Diakhaby Encadenó titularidades antes de lesionarse,",rotacion,3
2026-10-08,Valencia,ryunosuke-sato,"Ryunosuke Sato Titular ante Deportivo y Sevilla, suplente si",rotacion,3
2026-10-08,Valencia,luis-rioja,Luis Rioja Regresó desde el banquillo con un gol ante el Ala,rotacion,3
2026-10-08,Valencia,aaron-ndive-mayol,Aaron Ndive Mayol Dos titularidades seguidas y un gol ante l,rotacion,3
2026-10-08,Valencia,aliou-dieng,Aliou Dieng Titular ante Barcelona y Sevilla; Guido y Mayol ,rotacion,3
2026-10-08,Valencia,hugo-duro,Hugo Duro Recuperó la titularidad con Óscar y es el único nu,rotacion,3
2026-10-08,Valencia,umar-sadiq,Umar Sadiq Alternaba titularidad y banquillo con Hugo Duro y,rotacion,3
2026-10-08,Valencia,david-otorbi,David Otorbi Titular ante Barcelona y Sevilla; también ha en,revulsivos,2
2026-10-08,Valencia,harvey-elliott,Harvey Elliott Todavía no ha sido titular; ha entrado desde ,revulsivos,2
2026-10-08,Valencia,cristian-rivero,"Cristian Rivero Tercer portero, sin minutos ni señales de di",reservas,1
2026-10-08,Valencia,kayne-van-oevelen,"Kayne van Oevelen Suplente habitual de Dimitrievski, todavía",reservas,1
2026-10-08,Valencia,dimitri-foulquier,Dimitri Foulquier Sin minutos esta temporada; Maffeo y Arnau,reservas,1
2026-10-08,Valencia,jose-manuel-copete,José Manuel Copete Era una opción habitual antes de su larga,reservas,1
2026-10-08,Valencia,iker-cordoba,"Iker Córdoba Ha intervenido para cubrir bajas en defensa, pe",reservas,1
2026-10-08,Valencia,daniel-raba,Daniel Raba Solo disputó ocho minutos ante el Deportivo; no ,reservas,1
2026-10-08,Valencia,diego-lopez-1,Diego López Conserva el peso de titular habitual que tenía a,reservas,1
2026-10-08,Villarreal,renato-veiga,Renato Veiga Titular en los cinco partidos examinados y refe,clave,5
2026-10-08,Villarreal,peter-gulacsi,Péter Gulácsi Desplazó a Luiz Júnior y encadena tres titular,importantes,4
2026-10-08,Villarreal,alberto-moleiro,"Alberto Moleiro Tuvo dos suplencias, pero su influencia como",importantes,4
2026-10-08,Villarreal,pape-gueye,Pape Gueye Titular habitual; salió desde el banquillo ante e,importantes,4
2026-10-08,Villarreal,santi-comesana,Santi Comesaña Titular habitual hasta lesionarse el tobillo;,importantes,4
2026-10-08,Villarreal,tajon-buchanan,"Tajon Buchanan Titular en cuatro de los cinco encuentros, co",importantes,4
2026-10-08,Villarreal,alex-freeman,"Alex Freeman Alternó inicialmente con Mouriño, pero fue titu",rotacion,3
2026-10-08,Villarreal,santiago-mourino,Santiago Mouriño Pasó de titular a entrar desde el banquillo,rotacion,3
2026-10-08,Villarreal,pau-navarro,Pau Navarro Acumula tres titularidades consecutivas y ha apr,rotacion,3
2026-10-08,Villarreal,carlos-romero,Carlos Romero Fue titular ante Alavés y Betis; después entró,rotacion,3
2026-10-08,Villarreal,sergi-cardona,Sergi Cardona Alterna el lateral izquierdo con Carlos Romero,rotacion,3
2026-10-08,Villarreal,juan-foyth,Juan Foyth Era titular antes de su ausencia; Pau Navarro ha ,rotacion,3
2026-10-08,Villarreal,ilias-akhomach,Ilias Akhomach Sus dos titularidades recientes reforzaron su,rotacion,3
2026-10-08,Villarreal,nathan-dylan-saliba,Nathan-Dylan Saliba Ha sumado tres titularidades y ganó espa,rotacion,3
2026-10-08,Villarreal,georges-mikautadze,Georges Mikautadze Alterna titularidades y suplencias con Ay,rotacion,3
2026-10-08,Villarreal,ayoze-perez,Ayoze Pérez Recuperó el once como único punta en los dos tri,rotacion,3
2026-10-08,Villarreal,nicolas-pepe,Nicolas Pépé Comenzó tres encuentros seguidos; después perdi,rotacion,3
2026-10-08,Villarreal,gerard-moreno,Gerard Moreno Titular en tres encuentros; salió desde el ban,revulsivos,2
2026-10-08,Villarreal,tani-oluwaseyi,"Tani Oluwaseyi Entró desde el banquillo ante Alavés, Deporti",revulsivos,2
2026-10-08,Villarreal,ruben-gomez-1,"Rubén Gómez Tercer portero, sin minutos; su participación de",reservas,1
2026-10-08,Villarreal,luiz-junior,"Luiz Junior Comenzó la Liga como titular, pero perdió la por",reservas,1
2026-10-08,Villarreal,logan-costa,Logan Costa Su única titularidad reciente fue ante el Deport,reservas,1
2026-10-08,Villarreal,carlos-macia,Carlos Macià Entró en los tramos finales ante Málaga y Levan,reservas,1
2026-10-08,Villarreal,alassane-diatta,"Alassane Diatta Figura en las convocatorias, pero no ha disp",reservas,1
