fecha,jugador,equipo,valor,fecha_ayer,valor_ayer,cambio,cambio_web
2026-10-04,Antonio Sivera Sivera,Alavés,10671000,2026-10-03,10671000,0,13000
2026-10-04,Andoni Gorosabel Gorosabel,Espanyol,205000,2026-10-03,205000,0,45000
2026-10-04,Abdel Abqar Abqar,Getafe,205000,2026-10-03,205000,0,14000
2026-10-04,Ander Guevara Guevara,Alavés,543000,2026-10-03,543000,0,20000
2026-10-04,Antonio Blanco Blanco,Alavés,5773000,2026-10-03,5773000,0,-107000
2026-10-04,Luis Rioja Rioja,Valencia,2974000,2026-10-03,2974000,0,3000
2026-10-04,Nahuel Tenaglia Tenaglia,Alavés,9070000,2026-10-03,9070000,0,-152000
2026-10-04,Kike García Kike García,Espanyol,160000,2026-10-03,160000,0,-1000
2026-10-04,Jon Guridi Guridi,Sevilla,2406000,2026-10-03,2406000,0,-83000
2026-10-04,Giuliano Simeone Giuliano,Atlético,10412000,2026-10-03,10412000,0,6000
2026-10-04,Abde Rebbach Rebbach,Alavés,1585000,2026-10-03,1585000,0,-29000
2026-10-04,Carlos Benavidez Protesoni,Alavés,255000,2026-10-03,255000,0,3000
2026-10-04,Marc Pubill Pubill,Atlético,10229000,2026-10-03,10229000,0,15000
2026-10-04,Unai Simón Unai Simón,Athletic,9432000,2026-10-03,9432000,0,-126000
2026-10-04,Dani Vivian Vivian,Athletic,1055000,2026-10-03,1055000,0,13000
2026-10-04,Aitor Paredes Paredes,Athletic,5944000,2026-10-03,5944000,0,94000
2026-10-04,Yeray Álvarez Yeray,Athletic,1891000,2026-10-03,1891000,0,-74000
2026-10-04,Álex Berenguer Berenguer,Athletic,5201000,2026-10-03,5201000,0,-12000
2026-10-04,Oihan Sancet Sancet,Athletic,9578000,2026-10-03,9578000,0,48000
2026-10-04,Iñaki Williams I. Williams,Athletic,5175000,2026-10-03,5175000,0,-75000
2026-10-04,Nico Williams N. Williams,Athletic,11778000,2026-10-03,11778000,0,-77000
2026-10-04,Gorka Guruzeta Guruzeta,Athletic,2309000,2026-10-03,2309000,0,-99000
2026-10-04,Julen Agirrezabala Agirrezabala,Racing,6112000,2026-10-03,6112000,0,24000
2026-10-04,Íñigo Ruiz de Galarreta R. de Galarreta,Athletic,6250000,2026-10-03,6250000,0,26000
2026-10-04,Yuri Berchiche Yuri,Athletic,6163000,2026-10-03,6163000,0,60000
2026-10-04,Asier Villalibre Villalibre,Racing,1318000,2026-10-03,1318000,0,-52000
2026-10-04,Beñat Prados Prados,Athletic,166000,2026-10-03,166000,0,1000
2026-10-04,José María Giménez Giménez,Deportivo,3752000,2026-10-03,3752000,0,146000
2026-10-04,Koke Resurrección Koke,Atlético,10089000,2026-10-03,10089000,0,16000
2026-10-04,Thomas Lemar Lemar,Elche,2090000,2026-10-03,2090000,0,88000
2026-10-04,Jan Oblak Oblak,Atlético,9971000,2026-10-03,9971000,0,-57000
2026-10-04,Marcos Llorente M. Llorente,Atlético,10659000,2026-10-03,10659000,0,24000
2026-10-04,Javi Galán Galán,Celta,2195000,2026-10-03,2195000,0,-43000
2026-10-04,Pablo Barrios Barrios,Atlético,10452000,2026-10-03,10452000,0,-50000
2026-10-04,Rodrigo Riquelme Riquelme,Betis,4893000,2026-10-03,4893000,0,-108000
2026-10-04,Joao Cancelo Cancelo,Barcelona,11015000,2026-10-03,11015000,0,-61000
2026-10-04,Alejandro Balde Balde,Barcelona,1684000,2026-10-03,1684000,0,-54000
2026-10-04,Pablo Gavi Gavi,Barcelona,2789000,2026-10-03,2789000,0,-103000
2026-10-04,Pedri González Pedri,Barcelona,21487000,2026-10-03,21487000,0,-35000
2026-10-04,Raphinha Raphinha,Barcelona,20858000,2026-10-03,20858000,0,4000
2026-10-04,Andreas Christensen A. Christensen,Barcelona,2366000,2026-10-03,2366000,0,-111000
2026-10-04,Marcos Alonso M. Alonso,Celta,7044000,2026-10-03,7044000,0,-137000
2026-10-04,Frenkie de Jong F. de Jong,Barcelona,1889000,2026-10-03,1889000,0,-61000
2026-10-04,Jules Koundé Koundé,Barcelona,5462000,2026-10-03,5462000,0,-102000
2026-10-04,Lamine Yamal Yamal,Barcelona,23925000,2026-10-03,23925000,0,6000
2026-10-04,Fermín López Fermín,Barcelona,17778000,2026-10-03,17778000,0,-4000
2026-10-04,Héctor Bellerín Bellerín,Betis,6175000,2026-10-03,6175000,0,33000
2026-10-04,Guido Rodríguez Guido,Valencia,7727000,2026-10-03,7727000,0,-41000
2026-10-04,Abde Ezzalzouli Abde,Betis,13626000,2026-10-03,13626000,0,75000
2026-10-04,Borja Iglesias Iglesias,Celta,5797000,2026-10-03,5797000,0,-71000
2026-10-04,Ayoze Pérez Ayoze,Villarreal,6789000,2026-10-03,6789000,0,97000
2026-10-04,Marc Bartra Bartra,Betis,6586000,2026-10-03,6586000,0,-1000
2026-10-04,Juan Cruz Juan Cruz,Málaga,1200000,2026-10-03,1200000,0,-57000
2026-10-04,Marc Roca Marc Roca,Betis,7720000,2026-10-03,7720000,0,61000
2026-10-04,Isco Alarcón Isco,Betis,9859000,2026-10-03,9859000,0,-26000
2026-10-04,Aitor Ruibal Ruibal,Betis,288000,2026-10-03,288000,0,6000
2026-10-04,Víctor Chust Chust,Elche,1732000,2026-10-03,1732000,0,-29000
2026-10-04,Robert Navarro Navarro,Athletic,5000000,2026-10-03,5000000,0,206000
2026-10-04,Carl Starfelt Starfelt,Celta,3561000,2026-10-03,3561000,0,63000
2026-10-04,Unai Núñez U. Núñez,Espanyol,2134000,2026-10-03,2134000,0,-76000
2026-10-04,Carlos Dotor Dotor,Málaga,3060000,2026-10-03,3060000,0,81000
2026-10-04,Iago Aspas Aspas,Celta,3107000,2026-10-03,3107000,0,-127000
2026-10-04,Iván Villar Iván Villar,Celta,185000,2026-10-03,185000,0,-19000
2026-10-04,Williot Swedberg Swedberg,Celta,1267000,2026-10-03,1267000,0,-42000
2026-10-04,Manu Sánchez Manu Sánchez,Levante,4444000,2026-10-03,4444000,0,98000
2026-10-04,Miguel Rodríguez Miguel,Alavés,160000,2026-10-03,160000,0,0
2026-10-04,Hugo Sotelo Sotelo,Levante,160000,2026-10-03,160000,0,-6000
2026-10-04,Dakonam Djené Djené,Getafe,4118000,2026-10-03,4118000,0,113000
2026-10-04,Enes Ünal Enes Ünal,Getafe,5014000,2026-10-03,5014000,0,-60000
2026-10-04,Carles Aleñá Aleñá,Alavés,163000,2026-10-03,163000,0,3000
2026-10-04,David Soria Soria,Getafe,10542000,2026-10-03,10542000,0,9000
2026-10-04,Diego Rico Diego Rico,Osasuna,333000,2026-10-03,333000,0,18000
2026-10-04,José Ángel Carmona Carmona,Sevilla,204000,2026-10-03,204000,0,44000
2026-10-04,Borja Mayoral Mayoral,Getafe,160000,2026-10-03,160000,0,0
2026-10-04,Juan Iglesias Iglesias,Sevilla,7444000,2026-10-03,7444000,0,100000
2026-10-04,Arnau Martínez Arnau,Valencia,1908000,2026-10-03,1908000,0,-86000
2026-10-04,Yangel Herrera Herrera,Real Sociedad,5238000,2026-10-03,5238000,0,30000
2026-10-04,Iván Martín Iván Martín,Racing,2785000,2026-10-03,2785000,0,78000
2026-10-04,Eric Garcia Eric Garcia,Barcelona,13589000,2026-10-03,13589000,0,-104000
2026-10-04,Lucas Boyé Boyé,Alavés,9978000,2026-10-03,9978000,0,-46000
2026-10-04,Gonzalo Villar Villar,Elche,5337000,2026-10-03,5337000,0,19000
2026-10-04,Bryan Zaragoza Bryan,Espanyol,6445000,2026-10-03,6445000,0,-114000
2026-10-04,Álvaro F. Carreras A. F. Carreras,Real Madrid,3999000,2026-10-03,3999000,0,95000
2026-10-04,Sergi Cardona S. Cardona,Villarreal,970000,2026-10-03,970000,0,47000
2026-10-04,Alberto Moleiro Moleiro,Villarreal,11931000,2026-10-03,11931000,0,69000
2026-10-04,Álvaro Valles Valles,Betis,11779000,2026-10-03,11779000,0,79000
2026-10-04,José Manuel Copete Copete,Valencia,181000,2026-10-03,181000,0,7000
2026-10-04,Pablo Maffeo Maffeo,Valencia,1890000,2026-10-03,1890000,0,-36000
2026-10-04,Sergio Herrera Herrera,Osasuna,5533000,2026-10-03,5533000,0,-135000
2026-10-04,Lucas Torró Torró,Osasuna,160000,2026-10-03,160000,0,-37000
2026-10-04,Jon Moncayola Moncayola,Osasuna,2264000,2026-10-03,2264000,0,-89000
2026-10-04,Aimar Oroz Oroz,Osasuna,1707000,2026-10-03,1707000,0,-45000
2026-10-04,Kike Barja Kike Barja,Osasuna,916000,2026-10-03,916000,0,-37000
2026-10-04,Jesús Areso Areso,Athletic,2833000,2026-10-03,2833000,0,71000
2026-10-04,Aitor Fernández Aitor,Osasuna,1129000,2026-10-03,1129000,0,38000
2026-10-04,Rubén García Rubén G.,Osasuna,2574000,2026-10-03,2574000,0,-80000
2026-10-04,Moi Gómez Moi Gómez,Osasuna,389000,2026-10-03,389000,0,-18000
2026-10-04,Ante Budimir Budimir,Osasuna,16615000,2026-10-03,16615000,0,3000
2026-10-04,Pablo Ibáñez Ibáñez,Alavés,4466000,2026-10-03,4466000,0,-107000
2026-10-04,Johan Mojica Mojica,Getafe,5607000,2026-10-03,5607000,0,43000
2026-10-04,Raúl García Raúl García,Osasuna,1381000,2026-10-03,1381000,0,-44000
2026-10-04,Alejandro Catena Catena,Osasuna,7195000,2026-10-03,7195000,0,-140000
2026-10-04,Jorge Herrando Herrando,Osasuna,160000,2026-10-03,160000,0,0
2026-10-04,Iker Muñoz Iker Muñoz,Osasuna,2074000,2026-10-03,2074000,0,-88000
2026-10-04,Stole Dimitrievski Dimitrievski,Valencia,6728000,2026-10-03,6728000,0,-97000
2026-10-04,Andrei Ratiu Ratiu,Rayo,8443000,2026-10-03,8443000,0,97000
2026-10-04,Isi Palazón Isi,Rayo,4100000,2026-10-03,4100000,0,110000
2026-10-04,Randy Nteka Nteka,Rayo,160000,2026-10-03,160000,0,-4000
2026-10-04,Dani Cárdenas Cárdenas,Rayo,910000,2026-10-03,910000,0,-82000
2026-10-04,Unai López Unai López,Rayo,4654000,2026-10-03,4654000,0,-147000
2026-10-04,Álvaro García Álvaro García,Rayo,9803000,2026-10-03,9803000,0,120000
2026-10-04,Jorge de Frutos De Frutos,Rayo,5605000,2026-10-03,5605000,0,-71000
2026-10-04,Iván Balliu Balliu,Rayo,205000,2026-10-03,205000,0,-2000
2026-10-04,Pathé Ciss Pathé Ciss,Rayo,5240000,2026-10-03,5240000,0,39000
2026-10-04,Raúl De Tomás De Tomás,Rayo,172000,2026-10-03,172000,0,2000
2026-10-04,Óscar Valentín Valentín,Rayo,1172000,2026-10-03,1172000,0,-26000
2026-10-04,Florian Lejeune Lejeune,Rayo,5675000,2026-10-03,5675000,0,-83000
2026-10-04,Sergio Camello Camello,Rayo,10728000,2026-10-03,10728000,0,110000
2026-10-04,Thibaut Courtois Courtois,Real Madrid,9996000,2026-10-03,9996000,0,-43000
2026-10-04,Éder Militão Militão,Real Madrid,2210000,2026-10-03,2210000,0,66000
2026-10-04,Jude Bellingham Bellingham,Real Madrid,19999000,2026-10-03,19999000,0,7000
2026-10-04,Vinicius Junior Vinicius,Real Madrid,19409000,2026-10-03,19409000,0,-53000
2026-10-04,Rodrygo Goes Rodrygo,Real Madrid,762000,2026-10-03,762000,0,22000
2026-10-04,Eduardo Camavinga Camavinga,Real Madrid,3873000,2026-10-03,3873000,0,-43000
2026-10-04,Andriy Lunin Lunin,Real Madrid,172000,2026-10-03,172000,0,-18000
2026-10-04,Federico Valverde Valverde,Real Madrid,13998000,2026-10-03,13998000,0,-146000
2026-10-04,Aurélien Tchouaméni Tchouaméni,Real Madrid,9345000,2026-10-03,9345000,0,-91000
2026-10-04,Dani Ceballos Ceballos,Betis,2046000,2026-10-03,2046000,0,68000
2026-10-04,Fran García Fran García,Betis,7546000,2026-10-03,7546000,0,39000
2026-10-04,Brahim Díaz Brahim,Real Madrid,1993000,2026-10-03,1993000,0,-75000
2026-10-04,Antonio Rüdiger Rüdiger,Real Madrid,6772000,2026-10-03,6772000,0,107000
2026-10-04,Ferland Mendy Mendy,Real Madrid,160000,2026-10-03,160000,0,-21000
2026-10-04,Arda Güler Güler,Real Madrid,15675000,2026-10-03,15675000,0,29000
2026-10-04,Álex Remiro Remiro,Real Sociedad,9769000,2026-10-03,9769000,0,-99000
2026-10-04,Álvaro Odriozola Odriozola,Real Sociedad,192000,2026-10-03,192000,0,32000
2026-10-04,Aihen Muñoz Aihen,Real Sociedad,168000,2026-10-03,168000,0,8000
2026-10-04,Igor Zubeldia Zubeldia,Real Sociedad,1917000,2026-10-03,1917000,0,-62000
2026-10-04,Ander Barrenetxea Barrenetxea,Real Sociedad,8579000,2026-10-03,8579000,0,130000
2026-10-04,Mikel Oyarzabal Oyarzabal,Real Sociedad,15233000,2026-10-03,15233000,0,-59000
2026-10-04,Arsen Zakharyan Zakharyan,Real Sociedad,160000,2026-10-03,160000,0,0
2026-10-04,Takefusa Kubo Kubo,Real Sociedad,6266000,2026-10-03,6266000,0,-123000
2026-10-04,Jon Ander Olasagasti Olasagasti,Levante,4683000,2026-10-03,4683000,0,-113000
2026-10-04,Umar Sadiq Sadiq,Valencia,1026000,2026-10-03,1026000,0,-47000
2026-10-04,Jon Pacheco Pacheco,Real Sociedad,173000,2026-10-03,173000,0,-14000
2026-10-04,Beñat Turrientes Turrientes,Real Sociedad,1597000,2026-10-03,1597000,0,-76000
2026-10-04,Robin Le Normand Le Normand,Atlético,3156000,2026-10-03,3156000,0,79000
2026-10-04,Unai Marrero Marrero,Real Sociedad,186000,2026-10-03,186000,0,12000
2026-10-04,Pablo Marín Marín,Real Sociedad,195000,2026-10-03,195000,0,30000
2026-10-04,Urko González de Zarate Urko,Espanyol,1250000,2026-10-03,1250000,0,-48000
2026-10-04,Marko Dmitrovic Dmitrovic,Espanyol,8337000,2026-10-03,8337000,0,-135000
2026-10-04,Adrià Pedrosa Pedrosa,Rayo,2021000,2026-10-03,2021000,0,82000
2026-10-04,Nemanja Gudelj Gudelj,Getafe,1176000,2026-10-03,1176000,0,-12000
2026-10-04,Mariano Díaz Mariano,Alavés,5381000,2026-10-03,5381000,0,46000
2026-10-04,Marcão Marcão,Sevilla,190000,2026-10-03,190000,0,30000
2026-10-04,Kike Salas Kike Salas,Sevilla,4742000,2026-10-03,4742000,0,-15000
2026-10-04,Manu Bueno Manu Bueno,Sevilla,162000,2026-10-03,162000,0,-33000
2026-10-04,Mouctar Diakhaby Diakhaby,Valencia,200000,2026-10-03,200000,0,-4000
2026-10-04,Sergi Canós Canós,Valencia,189000,2026-10-03,189000,0,29000
2026-10-04,Javi Guerra Javi Guerra,Valencia,5202000,2026-10-03,5202000,0,-59000
2026-10-04,Hugo Duro Duro,Valencia,2839000,2026-10-03,2839000,0,-26000
2026-10-04,André Almeida Almeida,Racing,1083000,2026-10-03,1083000,0,2000
2026-10-04,Cristian Rivero Rivero,Valencia,172000,2026-10-03,172000,0,-9000
2026-10-04,José Gayà Gayà,Valencia,3250000,2026-10-03,3250000,0,65000
2026-10-04,Diego López Diego López,Valencia,206000,2026-10-03,206000,0,14000
2026-10-04,Pepelu Pepelu,Valencia,3955000,2026-10-03,3955000,0,-93000
2026-10-04,Dimitri Foulquier Foulquier,Valencia,204000,2026-10-03,204000,0,44000
2026-10-04,Jesús Vázquez Jesús Vázquez,Valencia,276000,2026-10-03,276000,0,-37000
2026-10-04,Fran Pérez Fran Pérez,Rayo,186000,2026-10-03,186000,0,22000
2026-10-04,Hugo González Hugo González,Celta,1558000,2026-10-03,1558000,0,56000
2026-10-04,César Tárrega Tárrega,Valencia,1465000,2026-10-03,1465000,0,-50000
2026-10-04,Santi Comesaña Comesaña,Villarreal,3389000,2026-10-03,3389000,0,-149000
2026-10-04,Gerard Moreno Gerard,Villarreal,13229000,2026-10-03,13229000,0,-93000
2026-10-04,Juan Foyth Foyth,Villarreal,5166000,2026-10-03,5166000,0,20000
2026-10-04,Alexander Sorloth Sörloth,Atlético,3683000,2026-10-03,3683000,0,-106000
2026-10-04,Álex Baena Baena,Atlético,13918000,2026-10-03,13918000,0,77000
2026-10-04,Kiko Femenia Femenia,Getafe,162000,2026-10-03,162000,0,2000
2026-10-04,Ramón Terrats Terrats,Getafe,7009000,2026-10-03,7009000,0,117000
2026-10-04,Denis Suárez Denis Suárez,Alavés,1779000,2026-10-03,1779000,0,-64000
2026-10-04,Aissa Mandi Mandi,Levante,4208000,2026-10-03,4208000,0,-124000
2026-10-04,Ilias Akhomach Akhomach,Villarreal,1259000,2026-10-03,1259000,0,51000
2026-10-04,Carlos Romero Romero,Villarreal,6791000,2026-10-03,6791000,0,-134000
2026-10-04,Adrià Altimira Altimira,Deportivo,612000,2026-10-03,612000,0,-60000
2026-10-04,Mikel Jauregizar Jauregizar,Athletic,2152000,2026-10-03,2152000,0,19000
2026-10-04,Johnny Cardoso Cardoso,Atlético,1332000,2026-10-03,1332000,0,48000
2026-10-04,Hugo Álvarez Hugo Álvarez,Celta,1077000,2026-10-03,1077000,0,25000
2026-10-04,Augusto Batalla Batalla,Rayo,1617000,2026-10-03,1617000,0,-83000
2026-10-04,Ilaix Moriba Moriba,Celta,5506000,2026-10-03,5506000,0,71000
2026-10-04,Isaac Romero Romero,Sevilla,2690000,2026-10-03,2690000,0,-85000
2026-10-04,Lucien Agoume Agoume,Sevilla,7498000,2026-10-03,7498000,0,120000
2026-10-04,Jon Aramburu Aramburu,Real Sociedad,7235000,2026-10-03,7235000,0,52000
2026-10-04,Gonçalo Guedes Guedes,Real Sociedad,5624000,2026-10-03,5624000,0,-40000
2026-10-04,Pau Cubarsí Cubarsí,Barcelona,15987000,2026-10-03,15987000,0,-37000
2026-10-04,Karl Etta Eyong Etta Eyong,Levante,1472000,2026-10-03,1472000,0,-60000
2026-10-04,Héctor Fort Fort,Real Sociedad,907000,2026-10-03,907000,0,-64000
2026-10-04,Juanmi Jiménez Juanmi,Getafe,160000,2026-10-03,160000,0,-2000
2026-10-04,Pablo Fornals Fornals,Betis,13195000,2026-10-03,13195000,0,-128000
2026-10-04,Mario Martín Mario Martín,Getafe,263000,2026-10-03,263000,0,-46000
2026-10-04,Marc Casadó Casadó,Deportivo,1105000,2026-10-03,1105000,0,-51000
2026-10-04,Joan Garcia Joan Garcia,Barcelona,14120000,2026-10-03,14120000,0,-90000
2026-10-04,Fernando Calero Calero,Málaga,259000,2026-10-03,259000,0,-25000
2026-10-04,Leandro Cabrera Cabrera,Espanyol,3680000,2026-10-03,3680000,0,-107000
2026-10-04,Omar El Hilali El Hilali,Espanyol,4982000,2026-10-03,4982000,0,-50000
2026-10-04,Rubén Sánchez Rubén Sánchez,Elche,746000,2026-10-03,746000,0,27000
2026-10-04,Edu Expósito Edu Expósito,Espanyol,10127000,2026-10-03,10127000,0,-44000
2026-10-04,Pol Lozano Lozano,Espanyol,182000,2026-10-03,182000,0,-21000
2026-10-04,Javi Puado Puado,Espanyol,719000,2026-10-03,719000,0,39000
2026-10-04,Jofre Carreras Jofre,Espanyol,160000,2026-10-03,160000,0,0
2026-10-04,Pere Milla Pere Milla,Espanyol,1047000,2026-10-03,1047000,0,-48000
2026-10-04,Christantus Uche Uche,Getafe,1095000,2026-10-03,1095000,0,-58000
2026-10-04,Diego Conde Conde,Betis,165000,2026-10-03,165000,0,-15000
2026-10-04,Daniel Raba Raba,Valencia,160000,2026-10-03,160000,0,0
2026-10-04,Endrick Endrick,Real Madrid,398000,2026-10-03,398000,0,-36000
2026-10-04,Chidera Ejuke Ejuke,Sevilla,5131000,2026-10-03,5131000,0,49000
2026-10-04,Boyomo Boyomo,Osasuna,2028000,2026-10-03,2028000,0,-96000
2026-10-04,Raul Moro Raul Moro,Osasuna,1068000,2026-10-03,1068000,0,-53000
2026-10-04,Kylian Mbappé Mbappé,Real Madrid,24609000,2026-10-03,24609000,0,-25000
2026-10-04,Pelayo Fernández Pelayo,Rayo,160000,2026-10-03,160000,0,0
2026-10-04,Arnaut Danjuma Danjuma,Valencia,5868000,2026-10-03,5868000,0,74000
2026-10-04,Iker Losada Losada,Betis,201000,2026-10-03,201000,0,5000
2026-10-04,Valentin Rosier Rosier,Osasuna,363000,2026-10-03,363000,0,-15000
2026-10-04,Abel Bretones Bretones,Osasuna,1817000,2026-10-03,1817000,0,-78000
2026-10-04,Pape Gueye Pape Gueye,Villarreal,12081000,2026-10-03,12081000,0,-54000
2026-10-04,Nico Serrano Serrano,Athletic,177000,2026-10-03,177000,0,17000
2026-10-04,Álvaro Djaló Djaló,Athletic,160000,2026-10-03,160000,0,-9000
2026-10-04,Santiago Mouriño Mouriño,Villarreal,2896000,2026-10-03,2896000,0,-107000
2026-10-04,Germán Valera Valera,Elche,8261000,2026-10-03,8261000,0,107000
2026-10-04,Sergio Carreira Carreira,Celta,6108000,2026-10-03,6108000,0,53000
2026-10-04,Julen Lobete Lobete,Málaga,160000,2026-10-03,160000,0,-50000
2026-10-04,Leo Román Leo Román,Deportivo,9024000,2026-10-03,9024000,0,-135000
2026-10-04,Andrés Martín Andrés Martín,Racing,2816000,2026-10-03,2816000,0,-21000
2026-10-04,Diego Javier Llorente D. Llorente,Betis,1694000,2026-10-03,1694000,0,-54000
2026-10-04,Peque Peque,Sevilla,1001000,2026-10-03,1001000,0,-49000
2026-10-04,Sergio Gómez Sergio Gómez,Real Sociedad,6466000,2026-10-03,6466000,0,-128000
2026-10-04,Jiri Letácek Letácek,Getafe,162000,2026-10-03,162000,0,-29000
2026-10-04,Alex Padilla Padilla,Athletic,175000,2026-10-03,175000,0,15000
2026-10-04,Pablo Durán Durán,Celta,1236000,2026-10-03,1236000,0,25000
2026-10-04,Hugo Novoa Novoa,Alavés,160000,2026-10-03,160000,0,-26000
2026-10-04,Luka Sucic L. Sucic,Real Sociedad,7745000,2026-10-03,7745000,0,149000
2026-10-04,Pedro Díaz Pedro Díaz,Rayo,1177000,2026-10-03,1177000,0,2000
2026-10-04,Nicolas Pépé Pépé,Villarreal,14143000,2026-10-03,14143000,0,-104000
2026-10-04,Dani Olmo Olmo,Barcelona,14966000,2026-10-03,14966000,0,-7000
2026-10-04,Julián Álvarez Alvarez,Atlético,11034000,2026-10-03,11034000,0,-71000
2026-10-04,Álvaro Fernández Álvaro,Deportivo,193000,2026-10-03,193000,0,33000
2026-10-04,Marc Bernal Bernal,Barcelona,8588000,2026-10-03,8588000,0,-158000
2026-10-04,Natan Natan,Betis,9449000,2026-10-03,9449000,0,186000
2026-10-04,Javi Rodríguez Javi Rodríguez,Celta,991000,2026-10-03,991000,0,-50000
2026-10-04,Gerard Martín Martín,Barcelona,10719000,2026-10-03,10719000,0,13000
2026-10-04,David Otorbi Otorbi,Valencia,1209000,2026-10-03,1209000,0,26000
2026-10-04,Marash Kumbulla Kumbulla,Rayo,160000,2026-10-03,160000,0,0
2026-10-04,Juan Berrocal Berrocal,Málaga,162000,2026-10-03,162000,0,-31000
2026-10-04,Luiz Junior Luiz Junior,Villarreal,2017000,2026-10-03,2017000,0,-100000
2026-10-04,Logan Costa Logan Costa,Villarreal,173000,2026-10-03,173000,0,-31000
2026-10-04,Alfonso González Alfon,Sevilla,174000,2026-10-03,174000,0,14000
2026-10-04,Jon Martín Jon Martín,Real Sociedad,4636000,2026-10-03,4636000,0,-132000
2026-10-04,Toni Martinez Toni Martinez,Alavés,5618000,2026-10-03,5618000,0,-86000
2026-10-04,Juan Musso Musso,Atlético,169000,2026-10-03,169000,0,-23000
2026-10-04,Giovani Lo Celso Lo Celso,Betis,2401000,2026-10-03,2401000,0,-83000
2026-10-04,Orri Steinn Óskarsson Óskarsson,Real Sociedad,3136000,2026-10-03,3136000,0,-154000
2026-10-04,Peio Canales Canales,Athletic,1412000,2026-10-03,1412000,0,-26000
2026-10-04,Wojciech Szczesny Szczesny,Barcelona,195000,2026-10-03,195000,0,-4000
2026-10-04,Pau Navarro Pau Navarro,Villarreal,1444000,2026-10-03,1444000,0,33000
2026-10-04,Rafel Bauzà Bauzà,Espanyol,160000,2026-10-03,160000,0,-21000
2026-10-04,Raúl Asencio Asencio,Real Madrid,306000,2026-10-03,306000,0,-73000
2026-10-04,Facundo Garcés Garcés,Alavés,160000,2026-10-03,160000,0,-20000
2026-10-04,Pablo Ramón Pablo Ramón,Racing,1871000,2026-10-03,1871000,0,-45000
2026-10-04,Jones El-Abdellaoui El-Abdellaoui,Celta,182000,2026-10-03,182000,0,-6000
2026-10-04,Rubén Vargas Vargas,Sevilla,1618000,2026-10-03,1618000,0,-45000
2026-10-04,Roberto Fernández Roberto,Espanyol,11574000,2026-10-03,11574000,0,83000
2026-10-04,Yoel Lago Lago,Celta,3038000,2026-10-03,3038000,0,121000
2026-10-04,Adrián Niño Niño,Málaga,965000,2026-10-03,965000,0,46000
2026-10-04,Ángel Ortiz Ortiz,Betis,186000,2026-10-03,186000,0,26000
2026-10-04,Pablo García Pablo García,Racing,3554000,2026-10-03,3554000,0,121000
2026-10-04,Antony Antony,Betis,14681000,2026-10-03,14681000,0,-36000
2026-10-04,Maroan Sannadi Sannadi,Athletic,169000,2026-10-03,169000,0,-19000
2026-10-04,Tajon Buchanan Buchanan,Villarreal,5375000,2026-10-03,5375000,0,-3000
2026-10-04,Cucho Hernández Cucho,Betis,10125000,2026-10-03,10125000,0,-52000
2026-10-04,Adam Aznou Aznou,Málaga,199000,2026-10-03,199000,0,39000
2026-10-04,Luken Beitia Beitia,Real Sociedad,555000,2026-10-03,555000,0,25000
2026-10-04,Adrián Rodríguez Adrián,Alavés,188000,2026-10-03,188000,0,-22000
2026-10-04,Yan Diomande Y. Diomande,Real Madrid,16073000,2026-10-03,16073000,0,-33000
2026-10-04,Fran González Fran González,Sevilla,160000,2026-10-03,160000,0,0
2026-10-04,Ionut Radu Radu,Celta,9739000,2026-10-03,9739000,0,-80000
2026-10-04,Trent Alexander-Arnold Alexander-Arnold,Real Madrid,5070000,2026-10-03,5070000,0,-104000
2026-10-04,Bambo Diaby Bambo,Elche,194000,2026-10-03,194000,0,2000
2026-10-04,Pedro Bigas Bigas,Elche,288000,2026-10-03,288000,0,16000
2026-10-04,Marc Aguado Aguado,Elche,1508000,2026-10-03,1508000,0,-71000
2026-10-04,Matías Dituro Dituro,Elche,4067000,2026-10-03,4067000,0,-121000
2026-10-04,Aleix Febas Febas,Celta,6864000,2026-10-03,6864000,0,-98000
2026-10-04,Álvaro Núñez Á. Núñez,Celta,1620000,2026-10-03,1620000,0,55000
2026-10-04,Josan Ferrández Josan,Elche,192000,2026-10-03,192000,0,18000
2026-10-04,Yago Santiago Santiago,Elche,160000,2026-10-03,160000,0,0
2026-10-04,Rodrigo Mendoza Mendoza,Atlético,175000,2026-10-03,175000,0,15000
2026-10-04,Marcos Fernández Marcos,Espanyol,1814000,2026-10-03,1814000,0,76000
2026-10-04,Adrián de la Fuente De la Fuente,Levante,9875000,2026-10-03,9875000,0,-92000
2026-10-04,Roger Brugué Brugui,Levante,2911000,2026-10-03,2911000,0,124000
2026-10-04,Iván Romero Iván Romero,Levante,7220000,2026-10-03,7220000,0,127000
2026-10-04,Oriol Rey Oriol Rey,Levante,953000,2026-10-03,953000,0,-26000
2026-10-04,Pablo Martínez Pablo Martínez,Málaga,284000,2026-10-03,284000,0,-28000
2026-10-04,Hugo Rincón Rincón,Athletic,172000,2026-10-03,172000,0,-27000
2026-10-04,Jon Gorrotxategi Gorrotxategi,Real Sociedad,656000,2026-10-03,656000,0,27000
2026-10-04,Ferran Jutglà Jutglà,Celta,7041000,2026-10-03,7041000,0,11000
2026-10-04,Jorge Cabello Jorge Cabello,Levante,160000,2026-10-03,160000,0,-16000
2026-10-04,Carlos Espí Carlos Espí,Real Madrid,10071000,2026-10-03,10071000,0,19000
2026-10-04,Dean Huijsen Huijsen,Real Madrid,9006000,2026-10-03,9006000,0,-189000
2026-10-04,José Salinas Salinas,Málaga,570000,2026-10-03,570000,0,-62000
2026-10-04,Jonny Castro Jonny,Alavés,4144000,2026-10-03,4144000,0,-108000
2026-10-04,Víctor García Víctor García,Levante,176000,2026-10-03,176000,0,3000
2026-10-04,Javi Rueda Rueda,Celta,4174000,2026-10-03,4174000,0,117000
2026-10-04,Davinchi Davinchi,Getafe,161000,2026-10-03,161000,0,-18000
2026-10-04,Luiz Felipe Luiz Felipe,Rayo,160000,2026-10-03,160000,0,-2000
2026-10-04,Unai Egiluz Egiluz,Athletic,179000,2026-10-03,179000,0,-30000
2026-10-04,Jeremy Toljan Toljan,Levante,1586000,2026-10-03,1586000,0,39000
2026-10-04,Gabriel Suazo Suazo,Sevilla,5575000,2026-10-03,5575000,0,76000
2026-10-04,Youssef Enríquez Youssef,Alavés,1370000,2026-10-03,1370000,0,-37000
2026-10-04,Junior Firpo Junior,Betis,467000,2026-10-03,467000,0,-22000
2026-10-04,Alejandro Iturbe Iturbe,Elche,160000,2026-10-03,160000,0,-36000
2026-10-04,David Hancko Hancko,Atlético,9724000,2026-10-03,9724000,0,-92000
2026-10-04,Tyrhys Dolan Dolan,Espanyol,2918000,2026-10-03,2918000,0,-110000
2026-10-04,Roony Bardghji Bardghji,Barcelona,160000,2026-10-03,160000,0,0
2026-10-04,Valentín Gómez Valentín Gómez,Betis,977000,2026-10-03,977000,0,66000
2026-10-04,Martim Neto Martim Neto,Elche,191000,2026-10-03,191000,0,19000
2026-10-04,Pablo Campos Cuñat Campos,Levante,198000,2026-10-03,198000,0,26000
2026-10-04,Nelson Deossa Deossa,Betis,2798000,2026-10-03,2798000,0,90000
2026-10-04,Ángel Fortuño Fortuño,Espanyol,160000,2026-10-03,160000,0,0
2026-10-04,Filip Ugrinic Ugrinic,Valencia,1066000,2026-10-03,1066000,0,-36000
2026-10-04,Jozhua Vertrouwd Vertrouwd,Rayo,197000,2026-10-03,197000,0,30000
2026-10-04,Odysseas Vlachodimos Vlachodimos,Sevilla,8237000,2026-10-03,8237000,0,31000
2026-10-04,Federico Redondo Redondo,Elche,199000,2026-10-03,199000,0,39000
2026-10-04,Andrés Castrín Castrín,Sevilla,4991000,2026-10-03,4991000,0,160000
2026-10-04,Alejandro Rego Rego,Athletic,160000,2026-10-03,160000,0,-6000
2026-10-04,Ali Houary Ali Houary,Elche,189000,2026-10-03,189000,0,25000
2026-10-04,Thiago Pitarch Thiago,Real Madrid,169000,2026-10-03,169000,0,0
2026-10-04,Renato Veiga Veiga,Villarreal,8725000,2026-10-03,8725000,0,148000
2026-10-04,Clemens Riedel Riedel,Espanyol,909000,2026-10-03,909000,0,-27000
2026-10-04,Asier Osambela Osambela,Osasuna,442000,2026-10-03,442000,0,10000
2026-10-04,Mathew Ryan Ryan,Levante,9688000,2026-10-03,9688000,0,-82000
2026-10-04,Tani Oluwaseyi Oluwaseyi,Villarreal,192000,2026-10-03,192000,0,25000
2026-10-04,Miguel Román Román,Celta,5142000,2026-10-03,5142000,0,-120000
2026-10-04,Grady Diangana Diangana,Elche,160000,2026-10-03,160000,0,0
2026-10-04,Carlos Soler Carlos Soler,Real Sociedad,8767000,2026-10-03,8767000,0,123000
2026-10-04,Georges Mikautadze Mikautadze,Villarreal,12325000,2026-10-03,12325000,0,-84000
2026-10-04,Dominik Livakovic Livakovic,Barcelona,1079000,2026-10-03,1079000,0,31000
2026-10-04,Alemão Alemão,Rayo,637000,2026-10-03,637000,0,-37000
2026-10-04,Fábio Cardoso Cardoso,Sevilla,181000,2026-10-03,181000,0,21000
2026-10-04,Aymeric Laporte Laporte,Athletic,11051000,2026-10-03,11051000,0,16000
2026-10-04,Samu Becerra Becerra,Rayo,160000,2026-10-03,160000,0,0
2026-10-04,Adam Boayar Adam Boayar,Elche,185000,2026-10-03,185000,0,25000
2026-10-04,Selton Sánchez Selton,Athletic,160000,2026-10-03,160000,0,0
2026-10-04,Iñigo Arguibide Arguibide,Osasuna,1294000,2026-10-03,1294000,0,-23000
2026-10-04,Carlos Macià Carlos Macià,Villarreal,188000,2026-10-03,188000,0,-57000
2026-10-04,Aitor Mañas Aitor Mañas,Alavés,183000,2026-10-03,183000,0,-18000
2026-10-04,Thiago Fernández Thiago,Levante,863000,2026-10-03,863000,0,-21000
2026-10-04,Abiel Osorio Osorio,Elche,987000,2026-10-03,987000,0,53000
2026-10-04,Paco Cortés Cortés,Levante,182000,2026-10-03,182000,0,-13000
2026-10-04,Sebastián Boselli Boselli,Getafe,179000,2026-10-03,179000,0,-28000
2026-10-04,Zaid Romero Romero,Getafe,5436000,2026-10-03,5436000,0,37000
2026-10-04,Martín Satriano Satriano,Getafe,5684000,2026-10-03,5684000,0,-81000
2026-10-04,Lucas Cepeda Cepeda,Elche,2987000,2026-10-03,2987000,0,96000
2026-10-04,Ángel Pérez Ángel Pérez,Alavés,8459000,2026-10-03,8459000,0,71000
2026-10-04,Ville Koski Koski,Alavés,5212000,2026-10-03,5212000,0,44000
2026-10-04,Alex Freeman Freeman,Villarreal,2009000,2026-10-03,2009000,0,73000
2026-10-04,Ademola Lookman Lookman,Atlético,9667000,2026-10-03,9667000,0,-160000
2026-10-04,Álvaro Fidalgo Fidalgo,Betis,160000,2026-10-03,160000,0,0
2026-10-04,Obed Vargas Vargas,Atlético,197000,2026-10-03,197000,0,37000
2026-10-04,Buba Sangaré Sangaré,Elche,2752000,2026-10-03,2752000,0,-93000
2026-10-04,Tete Morente Tete Morente,Elche,1558000,2026-10-03,1558000,0,0
2026-10-04,Job Ochieng Ochieng,Real Sociedad,1209000,2026-10-03,1209000,0,17000
2026-10-04,Nacho Pérez Nacho Pérez,Levante,854000,2026-10-03,854000,0,-63000
2026-10-04,Julio Díaz Julio Díaz,Sevilla,174000,2026-10-03,174000,0,14000
2026-10-04,Xavi Espart Espart,Barcelona,5672000,2026-10-03,5672000,0,98000
2026-10-04,Javi Morcillo Morcillo,Elche,1076000,2026-10-03,1076000,0,24000
2026-10-04,Dani Martínez Dani Martínez,Atlético,193000,2026-10-03,193000,0,-2000
2026-10-04,Rayane Belaid Rayane,Rayo,160000,2026-10-03,160000,0,0
2026-10-04,Andrés Antañón Antañón,Celta,192000,2026-10-03,192000,0,25000
2026-10-04,Iker Luque Luque,Racing,194000,2026-10-03,194000,0,9000
2026-10-04,Álex Grimaldo Grimaldo,Atlético,10356000,2026-10-03,10356000,0,-17000
2026-10-04,Anthony Gordon Gordon,Barcelona,14846000,2026-10-03,14846000,0,-27000
2026-10-04,Enzo Bardelli Bardeli,Levante,2047000,2026-10-03,2047000,0,-13000
2026-10-04,Ibrahima Konaté Konaté,Real Madrid,8878000,2026-10-03,8878000,0,-176000
2026-10-04,Marc Cucurella Cucurella,Real Madrid,10984000,2026-10-03,10984000,0,-90000
2026-10-04,Bernardo Silva Bernardo Silva,Real Madrid,9954000,2026-10-03,9954000,0,103000
2026-10-04,Kazunari Kita Kita,Real Sociedad,188000,2026-10-03,188000,0,14000
2026-10-04,Arouna Sangante Sangante,Sevilla,188000,2026-10-03,188000,0,-28000
2026-10-04,Justin de Haas De Haas,Valencia,2785000,2026-10-03,2785000,0,85000
2026-10-04,Alassane Diatta Diatta,Villarreal,169000,2026-10-03,169000,0,9000
2026-10-04,Facundo Bernal Bernal,Betis,3112000,2026-10-03,3112000,0,-105000
2026-10-04,Quilindschy Hartman Hartman,Espanyol,885000,2026-10-03,885000,0,-42000
2026-10-04,Álex Calatrava Calatrava,Espanyol,3741000,2026-10-03,3741000,0,-153000
2026-10-04,Jean Ives Valou Valou,Getafe,161000,2026-10-03,161000,0,-42000
2026-10-04,Denzel Dumfries Dumfries,Real Madrid,6484000,2026-10-03,6484000,0,-129000
2026-10-04,Iñaki Rupérez Rupérez,Real Sociedad,188000,2026-10-03,188000,0,25000
2026-10-04,Aliou Dieng Dieng,Valencia,361000,2026-10-03,361000,0,-60000
2026-10-04,Ryunosuke Sato Sato,Valencia,1408000,2026-10-03,1408000,0,-56000
2026-10-04,Gabriel Moscardo Moscardo,Espanyol,374000,2026-10-03,374000,0,-44000
2026-10-04,Morten Hjulmand Hjulmand,Atlético,7714000,2026-10-03,7714000,0,-157000
2026-10-04,Hamza Abdelkarim Abdelkarim,Barcelona,696000,2026-10-03,696000,0,-42000
2026-10-04,Mikel Rodriguez Mikel Rodriguez,Alavés,183000,2026-10-03,183000,0,0
2026-10-04,Andrés García Andrés García,Getafe,3294000,2026-10-03,3294000,0,-102000
2026-10-04,Germán Parreño,Deportivo,160000,2026-10-03,160000,0,-18000
2026-10-04,Arnau Comas Comas,Deportivo,160000,2026-10-03,160000,0,-18000
2026-10-04,Bright Ede Ede,Deportivo,580000,2026-10-03,580000,0,-24000
2026-10-04,Dani Barcia Barcia,Deportivo,160000,2026-10-03,160000,0,-14000
2026-10-04,Giacomo Quagliata Quagliata,Deportivo,4846000,2026-10-03,4846000,0,-123000
2026-10-04,Lucas Noubi Noubi,Deportivo,2353000,2026-10-03,2353000,0,-95000
2026-10-04,Miguel Loureiro Loureiro,Deportivo,602000,2026-10-03,602000,0,-45000
2026-10-04,Ximo Navarro Ximo,Deportivo,1956000,2026-10-03,1956000,0,-39000
2026-10-04,David Mella Mella,Deportivo,348000,2026-10-03,348000,0,-5000
2026-10-04,Diego Villares Villares,Deportivo,626000,2026-10-03,626000,0,20000
2026-10-04,Jairo Noriega Noriega,Deportivo,184000,2026-10-03,184000,0,18000
2026-10-04,Jonathan Asp Jensen Asp Jensen,Deportivo,187000,2026-10-03,187000,0,22000
2026-10-04,Lorenzo Amatucci Amatucci,Deportivo,9524000,2026-10-03,9524000,0,-19000
2026-10-04,Luismi Cruz Luismi,Deportivo,5763000,2026-10-03,5763000,0,46000
2026-10-04,Mario Soriano Mario,Deportivo,7382000,2026-10-03,7382000,0,122000
2026-10-04,Noé Carrillo Noé Carrillo,Deportivo,208000,2026-10-03,208000,0,43000
2026-10-04,Riki Rodríguez Riki,Deportivo,299000,2026-10-03,299000,0,12000
2026-10-04,Rubén López Rubén López,Deportivo,160000,2026-10-03,160000,0,0
2026-10-04,Bil Nsongo Bil Nsongo,Deportivo,6075000,2026-10-03,6075000,0,69000
2026-10-04,Kevin Sánchez Kevin Sánchez,Deportivo,185000,2026-10-03,185000,0,16000
2026-10-04,Pierre-Emerick Aubameyang Aubameyang,Deportivo,8760000,2026-10-03,8760000,0,-128000
2026-10-04,Yeremay Hernández Yeremay,Deportivo,6554000,2026-10-03,6554000,0,-96000
2026-10-04,Zakaria Eddahchouri Eddahchouri,Deportivo,1118000,2026-10-03,1118000,0,-37000
2026-10-04,Alfonso Herrero Herrero,Málaga,9527000,2026-10-03,9527000,0,142000
2026-10-04,Carlos López Carlos López,Málaga,202000,2026-10-03,202000,0,24000
2026-10-04,Álex Pastor Pastor,Málaga,195000,2026-10-03,195000,0,35000
2026-10-04,Angel Recio Recio,Málaga,1930000,2026-10-03,1930000,0,47000
2026-10-04,Carlos Puga Puga,Málaga,2343000,2026-10-03,2343000,0,-77000
2026-10-04,Diego Murillo Murillo,Málaga,160000,2026-10-03,160000,0,-35000
2026-10-04,Einar Galilea Galilea,Málaga,1948000,2026-10-03,1948000,0,-94000
2026-10-04,Moussa Diarra Moussa,Málaga,164000,2026-10-03,164000,0,-37000
2026-10-04,Rafa Garrido Rafita,Málaga,3967000,2026-10-03,3967000,0,102000
2026-10-04,Aarón Ochoa Ochoa,Málaga,160000,2026-10-03,160000,0,-24000
2026-10-04,Dani Lorenzo Lorenzo,Málaga,3377000,2026-10-03,3377000,0,-74000
2026-10-04,David Larrubia Larrubia,Málaga,7123000,2026-10-03,7123000,0,-6000
2026-10-04,Izan Merino Merino,Málaga,894000,2026-10-03,894000,0,-91000
2026-10-04,Joaquín Muñoz Joaquín,Málaga,1107000,2026-10-03,1107000,0,-39000
2026-10-04,Rafa Rodríguez Rafa Rodríguez,Málaga,404000,2026-10-03,404000,0,19000
2026-10-04,Ramón Enríquez Enríquez,Málaga,163000,2026-10-03,163000,0,-34000
2026-10-04,Chupete Chupete,Málaga,4695000,2026-10-03,4695000,0,-140000
2026-10-04,Eneko Jauregi Jauregi,Málaga,189000,2026-10-03,189000,0,-13000
2026-10-04,Haitam Abaida Haitam,Málaga,180000,2026-10-03,180000,0,20000
2026-10-04,Simon Eriksson Eriksson,Racing,208000,2026-10-03,208000,0,43000
2026-10-04,Álvaro Mantilla Mantilla,Racing,1038000,2026-10-03,1038000,0,-28000
2026-10-04,Facundo González Facu González,Racing,328000,2026-10-03,328000,0,-69000
2026-10-04,Jorge Salinas Salinas,Racing,3495000,2026-10-03,3495000,0,-120000
2026-10-04,Manu Hernando Hernando,Racing,1239000,2026-10-03,1239000,0,-57000
2026-10-04,Íñigo Sainz-Maza Sainz-Maza,Racing,180000,2026-10-03,180000,0,13000
2026-10-04,Iñigo Vicente Iñigo Vicente,Racing,9935000,2026-10-03,9935000,0,-12000
2026-10-04,Maguette Gueye Maguette,Racing,901000,2026-10-03,901000,0,-69000
2026-10-04,Sergio Canales Canales,Racing,7370000,2026-10-03,7370000,0,-86000
2026-10-04,Sergio Martínez Sergio Martínez,Real Madrid,217000,2026-10-03,217000,0,-4000
2026-10-04,Giorgi Guliashvili Guliashvili,Racing,160000,2026-10-03,160000,0,0
2026-10-04,Juan Carlos Arana Arana,Racing,160000,2026-10-03,160000,0,-30000
2026-10-04,Dani Requena Requena,Levante,160000,2026-10-03,160000,0,0
2026-10-04,Karim Adeyemi Adeyemi,Barcelona,12821000,2026-10-03,12821000,0,72000
2026-10-04,Kang-In Lee Kang-In Lee,Atlético,12144000,2026-10-03,12144000,0,57000
2026-10-04,Jonathan Dubasin Dubasin,Osasuna,777000,2026-10-03,777000,0,-42000
2026-10-04,Fernando Niño Fer Niño,Elche,5904000,2026-10-03,5904000,0,128000
2026-10-04,Yassir Zabiri Zabiri,Racing,7247000,2026-10-03,7247000,0,143000
2026-10-04,Jesse Bisiwu Bisiwu,Barcelona,204000,2026-10-03,204000,0,21000
2026-10-04,Roger Hinojo Hinojo,Espanyol,2529000,2026-10-03,2529000,0,8000
2026-10-04,Yanis Musuayi Musuayi,Levante,167000,2026-10-03,167000,0,-5000
2026-10-04,Beñat Gerenabarrena Gerenabarrena,Athletic,2523000,2026-10-03,2523000,0,65000
2026-10-04,Abdoulaye Faye Faye,Celta,182000,2026-10-03,182000,0,-26000
2026-10-04,Laro Gómez Laro Gómez,Racing,160000,2026-10-03,160000,0,-3000
2026-10-04,Miguel Sierra Sierra,Sevilla,5652000,2026-10-03,5652000,0,112000
2026-10-04,Péter Gulácsi Gulacsi,Villarreal,2345000,2026-10-03,2345000,0,85000
2026-10-04,Saba Sazonov Sazonov,Getafe,167000,2026-10-03,167000,0,-40000
2026-10-04,Pedro Felipe Pedro Felipe,Racing,208000,2026-10-03,208000,0,32000
2026-10-04,Nico Guillén Guillén,Sevilla,170000,2026-10-03,170000,0,-14000
2026-10-04,Angeliño Angeliño,Deportivo,792000,2026-10-03,792000,0,-60000
2026-10-04,Nicolás Valentini Valentini,Alavés,1015000,2026-10-03,1015000,0,63000
2026-10-04,Altay Bayindir Bayindir,Celta,160000,2026-10-03,160000,0,0
2026-10-04,Orel Mangala Mangala,Getafe,1417000,2026-10-03,1417000,0,-50000
2026-10-04,Facundo Buonanotte Buonanotte,Elche,1501000,2026-10-03,1501000,0,-56000
2026-10-04,Robbie Ure Ure,Sevilla,2152000,2026-10-03,2152000,0,-53000
2026-10-04,Rockson Yeboah Yeboah,Osasuna,229000,2026-10-03,229000,0,25000
2026-10-04,Georgiy Tsitaishvili Tsitaishvili,Rayo,562000,2026-10-03,562000,0,-21000
2026-10-04,Cristian Romero Romero,Atlético,10572000,2026-10-03,10572000,0,55000
2026-10-04,Jorge Domínguez Jorge Domínguez,Atlético,169000,2026-10-03,169000,0,6000
2026-10-04,Arnau Ortiz Ortiz,Atlético,365000,2026-10-03,365000,0,-56000
2026-10-04,Ezequiel Ponce Ponce,Elche,160000,2026-10-03,160000,0,-5000
2026-10-04,Vanja Drkusic Drkusic,Espanyol,174000,2026-10-03,174000,0,14000
2026-10-04,Marc Santos Marc Santos,Levante,160000,2026-10-03,160000,0,-15000
2026-10-04,Rodrigo Gamón Gamón,Valencia,188000,2026-10-03,188000,0,3000
2026-10-04,Rodri Hernández Rodri,Barcelona,15269000,2026-10-03,15269000,0,42000
2026-10-04,Francho Serrano Francho,Getafe,497000,2026-10-03,497000,0,31000
2026-10-04,Troy Parrott Parrott,Betis,6734000,2026-10-03,6734000,0,59000
2026-10-04,Álvaro Padilla Padilla,Elche,160000,2026-10-03,160000,0,0
2026-10-04,Giorgi Kochorashvili Kochorashvili,Sevilla,1860000,2026-10-03,1860000,0,20000
2026-10-04,Jordi Pesquer Pesquer,Barcelona,160000,2026-10-03,160000,0,-11000
2026-10-04,Ifeanyi Ndukwe Ndukwe,Levante,191000,2026-10-03,191000,0,-9000
2026-10-04,Kayne van Oevelen Van Oevelen,Valencia,160000,2026-10-03,160000,0,-14000
2026-10-04,Couhaib Driouech Driouech,Celta,188000,2026-10-03,188000,0,-20000
2026-10-04,Nathan-Dylan Saliba Saliba,Villarreal,4279000,2026-10-03,4279000,0,128000
2026-10-04,Johaneko Louis-Jean Johaneko,Athletic,588000,2026-10-03,588000,0,-34000
2026-10-04,Adama Traoré A. Traoré,Deportivo,3966000,2026-10-03,3966000,0,105000
2026-10-04,Matteo Prati Prati,Racing,186000,2026-10-03,186000,0,5000
2026-10-04,Gnangoro Bouare Bouare,Rayo,251000,2026-10-03,251000,0,-38000
2026-10-04,Alex Marchal Marchal,Real Sociedad,169000,2026-10-03,169000,0,-4000
2026-10-04,Salvi Esquivel Esquivel,Atlético,160000,2026-10-03,160000,0,0
2026-10-04,Jonathan David Jonathan David,Atlético,9334000,2026-10-03,9334000,0,200000
2026-10-04,Brian Fariñas Fariñas,Barcelona,160000,2026-10-03,160000,0,-12000
2026-10-04,Gabriel Jesus Gabriel Jesús,Barcelona,6562000,2026-10-03,6562000,0,89000
2026-10-04,Sebastián Cáceres Cáceres,Celta,935000,2026-10-03,935000,0,3000
2026-10-04,Kevin Lomónaco Lomónaco,Elche,313000,2026-10-03,313000,0,-44000
2026-10-04,Matia Barzic Barzic,Elche,201000,2026-10-03,201000,0,6000
2026-10-04,Roy Revivo Revivo,Elche,1096000,2026-10-03,1096000,0,26000
2026-10-04,Iván Azón Iván Azón,Getafe,1541000,2026-10-03,1541000,0,61000
2026-10-04,Axel Tape Tape,Levante,181000,2026-10-03,181000,0,21000
2026-10-04,Petar Ratkov Ratkov,Levante,516000,2026-10-03,516000,0,-50000
2026-10-04,Jens Cajuste Cajuste,Málaga,160000,2026-10-03,160000,0,-40000
2026-10-04,Romain Del Castillo Del Castillo,Osasuna,479000,2026-10-03,479000,0,-41000
2026-10-04,Aarón Martín Aarón,Racing,160000,2026-10-03,160000,0,0
2026-10-04,Jeanuël Belocian Belocian,Racing,1227000,2026-10-03,1227000,0,-49000
2026-10-04,Emil Audero Audero,Rayo,1701000,2026-10-03,1701000,0,49000
2026-10-04,Mujaid Sadick Mujaid,Rayo,933000,2026-10-03,933000,0,41000
2026-10-04,Mamadou Sarr M. Sarr,Real Sociedad,2663000,2026-10-03,2663000,0,-110000
2026-10-04,Félix Correia Félix Correia,Sevilla,1834000,2026-10-03,1834000,0,52000
2026-10-04,Youssouf Fofana Fofana,Sevilla,6893000,2026-10-03,6893000,0,120000
2026-10-04,Lucas Stassin Stassin,Sevilla,4545000,2026-10-03,4545000,0,-103000
2026-10-04,Harvey Elliott Elliott,Valencia,2571000,2026-10-03,2571000,0,-107000
2026-10-04,Xanet Oláiz Oláiz,Alavés,164000,2026-10-03,164000,0,-27000
2026-10-04,Óscar López Óscar López,Getafe,160000,2026-10-03,160000,0,-4000
2026-10-04,Iker Córdoba Córdoba,Valencia,168000,2026-10-03,168000,0,-18000
2026-10-04,Aaron Ndive Mayol Mayol,Valencia,1124000,2026-10-03,1124000,0,43000
2026-10-04,Unai Santos Unai Santos,Osasuna,311000,2026-10-03,311000,0,13000
2026-10-04,José Ángel López José Ángel,Espanyol,186000,2026-10-03,186000,0,26000
2026-10-04,Joselu Pérez Joselu,Getafe,167000,2026-10-03,167000,0,0
2026-10-04,Jorge Montes Montes,Getafe,187000,2026-10-03,187000,0,0
2026-10-04,Miguel Cubo Cubo,Atlético,170000,2026-10-03,170000,0,0
2026-10-04,Daniel Yáñez Yáñez,Real Madrid,170000,2026-10-03,170000,0,0
2026-10-04,Hugo Burcio Burcio,Celta,183000,2026-10-03,183000,0,0
2026-10-04,Jorge Cestero Cestero,Real Madrid,168000,2026-10-03,168000,0,0
2026-10-04,Carlos Ballestero Ballestero,Alavés,160000,2026-10-03,160000,0,0
2026-10-04,Taufik Seidu Taufik,Atlético,169000,2026-10-03,169000,0,0
2026-10-04,Diego Aguado D. Aguado,Real Madrid,160000,2026-10-03,160000,0,0
2026-10-04,Gorka Carrera Carrera,Real Sociedad,160000,2026-10-03,160000,0,0
2026-10-04,Álvaro Leiva Leiva,Real Madrid,181000,2026-10-03,181000,0,0
2026-10-04,Marc Doménech Doménech,Atlético,160000,2026-10-03,160000,0,0
2026-10-04,Arkaitz Mariezkurrena Mariezkurrena,Real Sociedad,160000,2026-10-03,160000,0,0
2026-10-04,Lander Pinillos Pinillos,Alavés,160000,2026-10-03,160000,0,0
2026-10-04,Antal Yaakobishvili Yaakobishvili,Atlético,292000,2026-10-03,292000,0,8000
2026-10-04,Alberto Risco Risco,Getafe,160000,2026-10-03,160000,0,0
2026-10-04,Dani Díaz Dani Díaz,Real Sociedad,160000,2026-10-03,160000,0,0
2026-10-04,Stefan Bajcetic Bajcetic,Celta,165000,2026-10-03,165000,0,5000
2026-10-04,Coke Carrillo Carrillo,Celta,160000,2026-10-03,160000,0,0
