id,jornada,local,visitante,terminado,resultado,cuando,url
22421,1,Alavés,Getafe,1,3-0,,https://www.futbolfantasy.com/partidos/22421-alaves-getafe
22422,1,Atlético,Málaga,1,2-0,,https://www.futbolfantasy.com/partidos/22422-atletico-malaga
22423,1,Celta,Osasuna,1,1-2,,https://www.futbolfantasy.com/partidos/22423-celta-osasuna
22424,1,Deportivo,Elche,1,1-1,,https://www.futbolfantasy.com/partidos/22424-deportivo-elche
22425,1,Espanyol,Levante,1,3-0,,https://www.futbolfantasy.com/partidos/22425-espanyol-levante
22426,1,Barcelona,Athletic,1,2-0,,https://www.futbolfantasy.com/partidos/22426-barcelona-athletic
22427,1,Racing,Villarreal,1,2-2,,https://www.futbolfantasy.com/partidos/22427-racing-villarreal
22428,1,Real Madrid,Real Sociedad,1,4-1,,https://www.futbolfantasy.com/partidos/22428-real-madrid-real-sociedad
22429,1,Sevilla,Rayo,1,2-1,,https://www.futbolfantasy.com/partidos/22429-sevilla-rayo
22430,1,Valencia,Betis,1,0-1,,https://www.futbolfantasy.com/partidos/22430-valencia-betis
22433,2,Athletic,Sevilla,1,1-3,,https://www.futbolfantasy.com/partidos/22433-athletic-sevilla
22434,2,Atlético,Villarreal,1,2-2,,https://www.futbolfantasy.com/partidos/22434-atletico-villarreal
22435,2,Elche,Barcelona,1,0-5,,https://www.futbolfantasy.com/partidos/22435-elche-barcelona
22436,2,Espanyol,Real Madrid,1,1-2,,https://www.futbolfantasy.com/partidos/22436-espanyol-real-madrid
22437,2,Getafe,Racing,1,1-0,,https://www.futbolfantasy.com/partidos/22437-getafe-racing
22438,2,Málaga,Deportivo,1,1-1,,https://www.futbolfantasy.com/partidos/22438-malaga-deportivo
22439,2,Osasuna,Levante,1,0-0,,https://www.futbolfantasy.com/partidos/22439-osasuna-levante
22440,2,Rayo,Alavés,1,1-1,,https://www.futbolfantasy.com/partidos/22440-rayo-alaves
22441,2,Betis,Real Sociedad,1,1-0,,https://www.futbolfantasy.com/partidos/22441-betis-real-sociedad
22442,2,Valencia,Celta,1,0-0,,https://www.futbolfantasy.com/partidos/22442-valencia-celta
22443,3,Celta,Athletic,1,0-2,,https://www.futbolfantasy.com/partidos/22443-celta-athletic
22444,3,Alavés,Villarreal,1,1-0,,https://www.futbolfantasy.com/partidos/22444-alaves-villarreal
22445,3,Deportivo,Valencia,1,3-1,,https://www.futbolfantasy.com/partidos/22445-deportivo-valencia
22446,3,Barcelona,Rayo,1,5-2,,https://www.futbolfantasy.com/partidos/22446-barcelona-rayo
22447,3,Levante,Betis,1,5-2,,https://www.futbolfantasy.com/partidos/22447-levante-betis
22448,3,Osasuna,Getafe,1,1-0,,https://www.futbolfantasy.com/partidos/22448-osasuna-getafe
22449,3,Real Madrid,Málaga,1,4-0,,https://www.futbolfantasy.com/partidos/22449-real-madrid-malaga
22450,3,Racing,Elche,1,3-2,,https://www.futbolfantasy.com/partidos/22450-racing-elche
22451,3,Real Sociedad,Espanyol,1,2-1,,https://www.futbolfantasy.com/partidos/22451-real-sociedad-espanyol
22452,3,Sevilla,Atlético,1,1-3,,https://www.futbolfantasy.com/partidos/22452-sevilla-atletico
22453,4,Athletic,Atlético,1,3-0,,https://www.futbolfantasy.com/partidos/22453-athletic-atletico
22454,4,Alavés,Osasuna,1,5-2,,https://www.futbolfantasy.com/partidos/22454-alaves-osasuna
22455,4,Elche,Real Sociedad,1,2-3,,https://www.futbolfantasy.com/partidos/22455-elche-real-sociedad
22456,4,Espanyol,Sevilla,1,1-1,,https://www.futbolfantasy.com/partidos/22456-espanyol-sevilla
22457,4,Getafe,Celta,1,1-1,,https://www.futbolfantasy.com/partidos/22457-getafe-celta
22458,4,Málaga,Levante,1,0-0,,https://www.futbolfantasy.com/partidos/22458-malaga-levante
22459,4,Rayo,Racing,1,3-2,,https://www.futbolfantasy.com/partidos/22459-rayo-racing
22460,4,Betis,Real Madrid,1,1-0,,https://www.futbolfantasy.com/partidos/22460-betis-real-madrid
22461,4,Valencia,Barcelona,1,0-5,,https://www.futbolfantasy.com/partidos/22461-valencia-barcelona
22462,4,Villarreal,Deportivo,1,2-3,,https://www.futbolfantasy.com/partidos/22462-villarreal-deportivo
22463,5,Athletic,Elche,1,1-1,,https://www.futbolfantasy.com/partidos/22463-athletic-elche
22464,5,Celta,Málaga,1,1-1,,https://www.futbolfantasy.com/partidos/22464-celta-malaga
22465,5,Getafe,Deportivo,1,1-1,,https://www.futbolfantasy.com/partidos/22465-getafe-deportivo
22466,5,Levante,Barcelona,1,2-4,,https://www.futbolfantasy.com/partidos/22466-levante-barcelona
22467,5,Osasuna,Espanyol,1,0-2,,https://www.futbolfantasy.com/partidos/22467-osasuna-espanyol
22468,5,Real Madrid,Rayo,1,4-1,,https://www.futbolfantasy.com/partidos/22468-real-madrid-rayo
22469,5,Racing,Alavés,1,2-1,,https://www.futbolfantasy.com/partidos/22469-racing-alaves
22470,5,Real Sociedad,Atlético,1,0-3,,https://www.futbolfantasy.com/partidos/22470-real-sociedad-atletico
22471,5,Sevilla,Valencia,1,1-0,,https://www.futbolfantasy.com/partidos/22471-sevilla-valencia
22472,5,Villarreal,Betis,1,1-2,,https://www.futbolfantasy.com/partidos/22472-villarreal-betis
22473,6,Atlético,Osasuna,1,4-0,,https://www.futbolfantasy.com/partidos/22473-atletico-osasuna
22474,6,Alavés,Valencia,1,0-1,,https://www.futbolfantasy.com/partidos/22474-alaves-valencia
22475,6,Deportivo,Sevilla,1,0-1,,https://www.futbolfantasy.com/partidos/22475-deportivo-sevilla
22476,6,Elche,Real Madrid,1,2-3,,https://www.futbolfantasy.com/partidos/22476-elche-real-madrid
22477,6,Barcelona,Racing,1,7-2,,https://www.futbolfantasy.com/partidos/22477-barcelona-racing
22478,6,Levante,Athletic,0,,Mie 21/10 20:00h,https://www.futbolfantasy.com/partidos/22478-levante-athletic
22479,6,Málaga,Villarreal,1,1-3,,https://www.futbolfantasy.com/partidos/22479-malaga-villarreal
22480,6,Rayo,Espanyol,1,2-1,,https://www.futbolfantasy.com/partidos/22480-rayo-espanyol
22481,6,Betis,Getafe,1,1-0,,https://www.futbolfantasy.com/partidos/22481-betis-getafe
22482,6,Real Sociedad,Celta,1,0-0,,https://www.futbolfantasy.com/partidos/22482-real-sociedad-celta
22483,7,Athletic,Alavés,0,,Sab 19/09 16:15h,https://www.futbolfantasy.com/partidos/22483-athletic-alaves
22484,7,Atlético,Real Madrid,0,,Dom 20/09 16:15h,https://www.futbolfantasy.com/partidos/22484-atletico-real-madrid
22485,7,Celta,Racing,0,,Sab 19/09 18:30h,https://www.futbolfantasy.com/partidos/22485-celta-racing
22486,7,Deportivo,Betis,0,,Dom 20/09 18:30h,https://www.futbolfantasy.com/partidos/22486-deportivo-betis
22487,7,Espanyol,Elche,1,1-3,,https://www.futbolfantasy.com/partidos/22487-espanyol-elche
22488,7,Getafe,Málaga,0,,Dom 20/09 14:00h,https://www.futbolfantasy.com/partidos/22488-getafe-malaga
22489,7,Osasuna,Rayo,0,,Sab 19/09 14:00h,https://www.futbolfantasy.com/partidos/22489-osasuna-rayo
22490,7,Sevilla,Barcelona,0,,Sab 19/09 21:00h,https://www.futbolfantasy.com/partidos/22490-sevilla-barcelona
22491,7,Valencia,Real Sociedad,0,,Dom 20/09 21:00h,https://www.futbolfantasy.com/partidos/22491-valencia-real-sociedad
22492,7,Villarreal,Levante,0,,Dom 20/09 18:30h,https://www.futbolfantasy.com/partidos/22492-villarreal-levante
22493,8,Alavés,Atlético,0,,Dom 11/10 21:00h,https://www.futbolfantasy.com/partidos/22493-alaves-atletico
22494,8,Elche,Celta,0,,Dom 11/10 21:00h,https://www.futbolfantasy.com/partidos/22494-elche-celta
22495,8,Barcelona,Getafe,0,,Dom 11/10 21:00h,https://www.futbolfantasy.com/partidos/22495-barcelona-getafe
22496,8,Levante,Sevilla,0,,Lun 12/10 21:00h,https://www.futbolfantasy.com/partidos/22496-levante-sevilla
22497,8,Málaga,Espanyol,0,,Dom 11/10 21:00h,https://www.futbolfantasy.com/partidos/22497-malaga-espanyol
22498,8,Rayo,Athletic,0,,Dom 11/10 21:00h,https://www.futbolfantasy.com/partidos/22498-rayo-athletic
22499,8,Betis,Osasuna,0,,Dom 11/10 21:00h,https://www.futbolfantasy.com/partidos/22499-betis-osasuna
22500,8,Real Madrid,Villarreal,0,,Sab 10/10 21:00h,https://www.futbolfantasy.com/partidos/22500-real-madrid-villarreal
22501,8,Racing,Valencia,0,,Dom 11/10 21:00h,https://www.futbolfantasy.com/partidos/22501-racing-valencia
22502,8,Real Sociedad,Deportivo,0,,Dom 11/10 16:15h,https://www.futbolfantasy.com/partidos/22502-real-sociedad-deportivo
22503,9,Celta,Alavés,0,,Dom 18/10 16:15h,https://www.futbolfantasy.com/partidos/22503-celta-alaves
22504,9,Deportivo,Levante,0,,Vie 16/10 21:00h,https://www.futbolfantasy.com/partidos/22504-deportivo-levante
22505,9,Espanyol,Atlético,0,,Sab 17/10 14:00h,https://www.futbolfantasy.com/partidos/22505-espanyol-atletico
22506,9,Getafe,Rayo,0,,Lun 19/10 21:00h,https://www.futbolfantasy.com/partidos/22506-getafe-rayo
22507,9,Málaga,Real Sociedad,0,,Dom 18/10 18:30h,https://www.futbolfantasy.com/partidos/22507-malaga-real-sociedad
22508,9,Osasuna,Racing,0,,Dom 18/10 14:00h,https://www.futbolfantasy.com/partidos/22508-osasuna-racing
22509,9,Betis,Barcelona,0,,Sab 17/10 18:30h,https://www.futbolfantasy.com/partidos/22509-betis-barcelona
22510,9,Real Madrid,Sevilla,0,,Dom 18/10 21:00h,https://www.futbolfantasy.com/partidos/22510-real-madrid-sevilla
22511,9,Valencia,Athletic,0,,Sab 17/10 21:00h,https://www.futbolfantasy.com/partidos/22511-valencia-athletic
22512,9,Villarreal,Elche,0,,Sab 17/10 16:15h,https://www.futbolfantasy.com/partidos/22512-villarreal-elche
22513,10,Athletic,Getafe,0,,Dom 25/10 20:00h,https://www.futbolfantasy.com/partidos/22513-athletic-getafe
22514,10,Atlético,Deportivo,0,,Dom 25/10 20:00h,https://www.futbolfantasy.com/partidos/22514-atletico-deportivo
22515,10,Celta,Betis,0,,Dom 25/10 20:00h,https://www.futbolfantasy.com/partidos/22515-celta-betis
22516,10,Alavés,Málaga,0,,Dom 25/10 20:00h,https://www.futbolfantasy.com/partidos/22516-alaves-malaga
22517,10,Barcelona,Real Madrid,0,,Dom 25/10 21:00h,https://www.futbolfantasy.com/partidos/22517-barcelona-real-madrid
22518,10,Rayo,Elche,0,,Dom 25/10 20:00h,https://www.futbolfantasy.com/partidos/22518-rayo-elche
22519,10,Racing,Espanyol,0,,Dom 25/10 20:00h,https://www.futbolfantasy.com/partidos/22519-racing-espanyol
22520,10,Real Sociedad,Levante,0,,Dom 25/10 20:00h,https://www.futbolfantasy.com/partidos/22520-real-sociedad-levante
22521,10,Sevilla,Osasuna,0,,Dom 25/10 20:00h,https://www.futbolfantasy.com/partidos/22521-sevilla-osasuna
22522,10,Valencia,Villarreal,0,,Dom 25/10 20:00h,https://www.futbolfantasy.com/partidos/22522-valencia-villarreal
22523,11,Athletic,Real Sociedad,0,,Dom 01/11 20:00h,https://www.futbolfantasy.com/partidos/22523-athletic-real-sociedad
22524,11,Deportivo,Osasuna,0,,Dom 01/11 20:00h,https://www.futbolfantasy.com/partidos/22524-deportivo-osasuna
22525,11,Elche,Valencia,0,,Dom 01/11 20:00h,https://www.futbolfantasy.com/partidos/22525-elche-valencia
22526,11,Barcelona,Alavés,0,,Dom 01/11 20:00h,https://www.futbolfantasy.com/partidos/22526-barcelona-alaves
22527,11,Getafe,Sevilla,0,,Dom 01/11 20:00h,https://www.futbolfantasy.com/partidos/22527-getafe-sevilla
22528,11,Levante,Atlético,0,,Dom 01/11 20:00h,https://www.futbolfantasy.com/partidos/22528-levante-atletico
22529,11,Rayo,Celta,0,,Dom 01/11 20:00h,https://www.futbolfantasy.com/partidos/22529-rayo-celta
22530,11,Betis,Málaga,0,,Dom 01/11 20:00h,https://www.futbolfantasy.com/partidos/22530-betis-malaga
22531,11,Racing,Real Madrid,0,,Dom 01/11 20:00h,https://www.futbolfantasy.com/partidos/22531-racing-real-madrid
22532,11,Villarreal,Espanyol,0,,Dom 01/11 20:00h,https://www.futbolfantasy.com/partidos/22532-villarreal-espanyol
22533,12,Atlético,Barcelona,0,,Dom 08/11 20:00h,https://www.futbolfantasy.com/partidos/22533-atletico-barcelona
22534,12,Celta,Levante,0,,Dom 08/11 20:00h,https://www.futbolfantasy.com/partidos/22534-celta-levante
22535,12,Elche,Betis,0,,Dom 08/11 20:00h,https://www.futbolfantasy.com/partidos/22535-elche-betis
22536,12,Espanyol,Deportivo,0,,Dom 08/11 20:00h,https://www.futbolfantasy.com/partidos/22536-espanyol-deportivo
22537,12,Málaga,Racing,0,,Dom 08/11 20:00h,https://www.futbolfantasy.com/partidos/22537-malaga-racing
22538,12,Osasuna,Athletic,0,,Dom 08/11 20:00h,https://www.futbolfantasy.com/partidos/22538-osasuna-athletic
22539,12,Real Sociedad,Rayo,0,,Dom 08/11 20:00h,https://www.futbolfantasy.com/partidos/22539-real-sociedad-rayo
22540,12,Sevilla,Alavés,0,,Dom 08/11 20:00h,https://www.futbolfantasy.com/partidos/22540-sevilla-alaves
22541,12,Valencia,Real Madrid,0,,Dom 08/11 20:00h,https://www.futbolfantasy.com/partidos/22541-valencia-real-madrid
22542,12,Villarreal,Getafe,0,,Dom 08/11 20:00h,https://www.futbolfantasy.com/partidos/22542-villarreal-getafe
22543,13,Athletic,Espanyol,0,,Dom 22/11 20:00h,https://www.futbolfantasy.com/partidos/22543-athletic-espanyol
22544,13,Alavés,Deportivo,0,,Dom 22/11 20:00h,https://www.futbolfantasy.com/partidos/22544-alaves-deportivo
22545,13,Barcelona,Villarreal,0,,Dom 22/11 20:00h,https://www.futbolfantasy.com/partidos/22545-barcelona-villarreal
22546,13,Getafe,Atlético,0,,Dom 22/11 20:00h,https://www.futbolfantasy.com/partidos/22546-getafe-atletico
22547,13,Levante,Elche,0,,Dom 22/11 20:00h,https://www.futbolfantasy.com/partidos/22547-levante-elche
22548,13,Osasuna,Málaga,0,,Dom 22/11 20:00h,https://www.futbolfantasy.com/partidos/22548-osasuna-malaga
22549,13,Rayo,Valencia,0,,Dom 22/11 20:00h,https://www.futbolfantasy.com/partidos/22549-rayo-valencia
22550,13,Real Madrid,Celta,0,,Dom 22/11 20:00h,https://www.futbolfantasy.com/partidos/22550-real-madrid-celta
22551,13,Racing,Real Sociedad,0,,Dom 22/11 20:00h,https://www.futbolfantasy.com/partidos/22551-racing-real-sociedad
22552,13,Sevilla,Betis,0,,Dom 22/11 20:00h,https://www.futbolfantasy.com/partidos/22552-sevilla-betis
22553,14,Celta,Villarreal,0,,Dom 29/11 20:00h,https://www.futbolfantasy.com/partidos/22553-celta-villarreal
22554,14,Deportivo,Barcelona,0,,Dom 29/11 20:00h,https://www.futbolfantasy.com/partidos/22554-deportivo-barcelona
22555,14,Elche,Atlético,0,,Dom 29/11 20:00h,https://www.futbolfantasy.com/partidos/22555-elche-atletico
22556,14,Espanyol,Getafe,0,,Dom 29/11 20:00h,https://www.futbolfantasy.com/partidos/22556-espanyol-getafe
22557,14,Levante,Racing,0,,Dom 29/11 20:00h,https://www.futbolfantasy.com/partidos/22557-levante-racing
22558,14,Málaga,Athletic,0,,Dom 29/11 20:00h,https://www.futbolfantasy.com/partidos/22558-malaga-athletic
22559,14,Betis,Rayo,0,,Dom 29/11 20:00h,https://www.futbolfantasy.com/partidos/22559-betis-rayo
22560,14,Real Madrid,Alavés,0,,Dom 29/11 20:00h,https://www.futbolfantasy.com/partidos/22560-real-madrid-alaves
22588,14,Real Sociedad,Sevilla,0,,Dom 29/11 20:00h,https://www.futbolfantasy.com/partidos/22588-real-sociedad-sevilla
22589,14,Valencia,Osasuna,0,,Dom 29/11 20:00h,https://www.futbolfantasy.com/partidos/22589-valencia-osasuna
22590,15,Athletic,Real Madrid,0,,Dom 06/12 20:00h,https://www.futbolfantasy.com/partidos/22590-athletic-real-madrid
22591,15,Atlético,Betis,0,,Dom 06/12 20:00h,https://www.futbolfantasy.com/partidos/22591-atletico-betis
22592,15,Alavés,Espanyol,0,,Dom 06/12 20:00h,https://www.futbolfantasy.com/partidos/22592-alaves-espanyol
22593,15,Barcelona,Celta,0,,Dom 06/12 20:00h,https://www.futbolfantasy.com/partidos/22593-barcelona-celta
22594,15,Getafe,Valencia,0,,Dom 06/12 20:00h,https://www.futbolfantasy.com/partidos/22594-getafe-valencia
22595,15,Osasuna,Elche,0,,Dom 06/12 20:00h,https://www.futbolfantasy.com/partidos/22595-osasuna-elche
22596,15,Rayo,Levante,0,,Dom 06/12 20:00h,https://www.futbolfantasy.com/partidos/22596-rayo-levante
22597,15,Racing,Deportivo,0,,Dom 06/12 20:00h,https://www.futbolfantasy.com/partidos/22597-racing-deportivo
22598,15,Sevilla,Málaga,0,,Dom 06/12 20:00h,https://www.futbolfantasy.com/partidos/22598-sevilla-malaga
22599,15,Villarreal,Real Sociedad,0,,Dom 06/12 20:00h,https://www.futbolfantasy.com/partidos/22599-villarreal-real-sociedad
22600,16,Atlético,Valencia,0,,Dom 13/12 20:00h,https://www.futbolfantasy.com/partidos/22600-atletico-valencia
22601,16,Deportivo,Athletic,0,,Dom 13/12 20:00h,https://www.futbolfantasy.com/partidos/22601-deportivo-athletic
22602,16,Elche,Sevilla,0,,Dom 13/12 20:00h,https://www.futbolfantasy.com/partidos/22602-elche-sevilla
22603,16,Espanyol,Celta,0,,Dom 13/12 20:00h,https://www.futbolfantasy.com/partidos/22603-espanyol-celta
22604,16,Levante,Alavés,0,,Dom 13/12 20:00h,https://www.futbolfantasy.com/partidos/22604-levante-alaves
22605,16,Málaga,Barcelona,0,,Dom 13/12 20:00h,https://www.futbolfantasy.com/partidos/22605-malaga-barcelona
22606,16,Betis,Racing,0,,Dom 13/12 20:00h,https://www.futbolfantasy.com/partidos/22606-betis-racing
22607,16,Real Madrid,Osasuna,0,,Dom 13/12 20:00h,https://www.futbolfantasy.com/partidos/22607-real-madrid-osasuna
22608,16,Real Sociedad,Getafe,0,,Dom 13/12 20:00h,https://www.futbolfantasy.com/partidos/22608-real-sociedad-getafe
22609,16,Villarreal,Rayo,0,,Dom 13/12 20:00h,https://www.futbolfantasy.com/partidos/22609-villarreal-rayo
22610,17,Athletic,Betis,0,,Dom 20/12 20:00h,https://www.futbolfantasy.com/partidos/22610-athletic-betis
22611,17,Celta,Atlético,0,,Dom 20/12 20:00h,https://www.futbolfantasy.com/partidos/22611-celta-atletico
22612,17,Alavés,Elche,0,,Dom 20/12 20:00h,https://www.futbolfantasy.com/partidos/22612-alaves-elche
22613,17,Deportivo,Real Madrid,0,,Dom 20/12 20:00h,https://www.futbolfantasy.com/partidos/22613-deportivo-real-madrid
22614,17,Barcelona,Real Sociedad,0,,Dom 20/12 20:00h,https://www.futbolfantasy.com/partidos/22614-barcelona-real-sociedad
22615,17,Getafe,Levante,0,,Dom 20/12 20:00h,https://www.futbolfantasy.com/partidos/22615-getafe-levante
22616,17,Osasuna,Villarreal,0,,Dom 20/12 20:00h,https://www.futbolfantasy.com/partidos/22616-osasuna-villarreal
22617,17,Rayo,Málaga,0,,Dom 20/12 20:00h,https://www.futbolfantasy.com/partidos/22617-rayo-malaga
22618,17,Sevilla,Racing,0,,Dom 20/12 20:00h,https://www.futbolfantasy.com/partidos/22618-sevilla-racing
22619,17,Valencia,Espanyol,0,,Dom 20/12 20:00h,https://www.futbolfantasy.com/partidos/22619-valencia-espanyol
22620,18,Celta,Deportivo,0,,Dom 03/01 20:00h,https://www.futbolfantasy.com/partidos/22620-celta-deportivo
22621,18,Espanyol,Barcelona,0,,Dom 03/01 20:00h,https://www.futbolfantasy.com/partidos/22621-espanyol-barcelona
22622,18,Levante,Valencia,0,,Dom 03/01 20:00h,https://www.futbolfantasy.com/partidos/22622-levante-valencia
22623,18,Málaga,Elche,0,,Dom 03/01 20:00h,https://www.futbolfantasy.com/partidos/22623-malaga-elche
22624,18,Rayo,Atlético,0,,Dom 03/01 20:00h,https://www.futbolfantasy.com/partidos/22624-rayo-atletico
22625,18,Betis,Alavés,0,,Dom 03/01 20:00h,https://www.futbolfantasy.com/partidos/22625-betis-alaves
22626,18,Real Madrid,Getafe,0,,Dom 03/01 20:00h,https://www.futbolfantasy.com/partidos/22626-real-madrid-getafe
22627,18,Racing,Athletic,0,,Dom 03/01 20:00h,https://www.futbolfantasy.com/partidos/22627-racing-athletic
22628,18,Real Sociedad,Osasuna,0,,Dom 03/01 20:00h,https://www.futbolfantasy.com/partidos/22628-real-sociedad-osasuna
22629,18,Villarreal,Sevilla,0,,Dom 03/01 20:00h,https://www.futbolfantasy.com/partidos/22629-villarreal-sevilla
22630,19,Athletic,Villarreal,0,,Dom 10/01 20:00h,https://www.futbolfantasy.com/partidos/22630-athletic-villarreal
22631,19,Atlético,Racing,0,,Dom 10/01 20:00h,https://www.futbolfantasy.com/partidos/22631-atletico-racing
22632,19,Alavés,Real Sociedad,0,,Dom 10/01 20:00h,https://www.futbolfantasy.com/partidos/22632-alaves-real-sociedad
22633,19,Deportivo,Rayo,0,,Dom 10/01 20:00h,https://www.futbolfantasy.com/partidos/22633-deportivo-rayo
22634,19,Elche,Getafe,0,,Dom 10/01 20:00h,https://www.futbolfantasy.com/partidos/22634-elche-getafe
22635,19,Espanyol,Betis,0,,Dom 10/01 20:00h,https://www.futbolfantasy.com/partidos/22635-espanyol-betis
22636,19,Osasuna,Barcelona,0,,Dom 10/01 20:00h,https://www.futbolfantasy.com/partidos/22636-osasuna-barcelona
22637,19,Real Madrid,Levante,0,,Dom 10/01 20:00h,https://www.futbolfantasy.com/partidos/22637-real-madrid-levante
22638,19,Sevilla,Celta,0,,Dom 10/01 20:00h,https://www.futbolfantasy.com/partidos/22638-sevilla-celta
22639,19,Valencia,Málaga,0,,Dom 10/01 20:00h,https://www.futbolfantasy.com/partidos/22639-valencia-malaga
22640,20,Atlético,Real Sociedad,0,,Dom 17/01 20:00h,https://www.futbolfantasy.com/partidos/22640-atletico-real-sociedad
22641,20,Celta,Valencia,0,,Dom 17/01 20:00h,https://www.futbolfantasy.com/partidos/22641-celta-valencia
22642,20,Barcelona,Elche,0,,Dom 17/01 20:00h,https://www.futbolfantasy.com/partidos/22642-barcelona-elche
22643,20,Getafe,Athletic,0,,Dom 17/01 20:00h,https://www.futbolfantasy.com/partidos/22643-getafe-athletic
22644,20,Levante,Espanyol,0,,Dom 17/01 20:00h,https://www.futbolfantasy.com/partidos/22644-levante-espanyol
22645,20,Málaga,Real Madrid,0,,Dom 17/01 20:00h,https://www.futbolfantasy.com/partidos/22645-malaga-real-madrid
22646,20,Rayo,Sevilla,0,,Dom 17/01 20:00h,https://www.futbolfantasy.com/partidos/22646-rayo-sevilla
22647,20,Betis,Deportivo,0,,Dom 17/01 20:00h,https://www.futbolfantasy.com/partidos/22647-betis-deportivo
22648,20,Racing,Osasuna,0,,Dom 17/01 20:00h,https://www.futbolfantasy.com/partidos/22648-racing-osasuna
22649,20,Villarreal,Alavés,0,,Dom 17/01 20:00h,https://www.futbolfantasy.com/partidos/22649-villarreal-alaves
22650,21,Athletic,Levante,0,,Dom 24/01 20:00h,https://www.futbolfantasy.com/partidos/22650-athletic-levante
22651,21,Alavés,Barcelona,0,,Dom 24/01 20:00h,https://www.futbolfantasy.com/partidos/22651-alaves-barcelona
22652,21,Deportivo,Atlético,0,,Dom 24/01 20:00h,https://www.futbolfantasy.com/partidos/22652-deportivo-atletico
22653,21,Elche,Rayo,0,,Dom 24/01 20:00h,https://www.futbolfantasy.com/partidos/22653-elche-rayo
22654,21,Espanyol,Villarreal,0,,Dom 24/01 20:00h,https://www.futbolfantasy.com/partidos/22654-espanyol-villarreal
22655,21,Getafe,Osasuna,0,,Dom 24/01 20:00h,https://www.futbolfantasy.com/partidos/22655-getafe-osasuna
22656,21,Real Madrid,Betis,0,,Dom 24/01 20:00h,https://www.futbolfantasy.com/partidos/22656-real-madrid-betis
22657,21,Racing,Celta,0,,Dom 24/01 20:00h,https://www.futbolfantasy.com/partidos/22657-racing-celta
22658,21,Real Sociedad,Málaga,0,,Dom 24/01 20:00h,https://www.futbolfantasy.com/partidos/22658-real-sociedad-malaga
22659,21,Valencia,Sevilla,0,,Dom 24/01 20:00h,https://www.futbolfantasy.com/partidos/22659-valencia-sevilla
22660,22,Atlético,Espanyol,0,,Dom 31/01 20:00h,https://www.futbolfantasy.com/partidos/22660-atletico-espanyol
22661,22,Celta,Getafe,0,,Dom 31/01 20:00h,https://www.futbolfantasy.com/partidos/22661-celta-getafe
22662,22,Barcelona,Valencia,0,,Dom 31/01 20:00h,https://www.futbolfantasy.com/partidos/22662-barcelona-valencia
22663,22,Levante,Real Sociedad,0,,Dom 31/01 20:00h,https://www.futbolfantasy.com/partidos/22663-levante-real-sociedad
22664,22,Málaga,Alavés,0,,Dom 31/01 20:00h,https://www.futbolfantasy.com/partidos/22664-malaga-alaves
22665,22,Osasuna,Deportivo,0,,Dom 31/01 20:00h,https://www.futbolfantasy.com/partidos/22665-osasuna-deportivo
22666,22,Rayo,Real Madrid,0,,Dom 31/01 20:00h,https://www.futbolfantasy.com/partidos/22666-rayo-real-madrid
22667,22,Betis,Elche,0,,Dom 31/01 20:00h,https://www.futbolfantasy.com/partidos/22667-betis-elche
22668,22,Sevilla,Athletic,0,,Dom 31/01 20:00h,https://www.futbolfantasy.com/partidos/22668-sevilla-athletic
22669,22,Villarreal,Racing,0,,Dom 31/01 20:00h,https://www.futbolfantasy.com/partidos/22669-villarreal-racing
22670,23,Athletic,Osasuna,0,,Dom 07/02 20:00h,https://www.futbolfantasy.com/partidos/22670-athletic-osasuna
22671,23,Alavés,Celta,0,,Dom 07/02 20:00h,https://www.futbolfantasy.com/partidos/22671-alaves-celta
22672,23,Deportivo,Málaga,0,,Dom 07/02 20:00h,https://www.futbolfantasy.com/partidos/22672-deportivo-malaga
22673,23,Elche,Levante,0,,Dom 07/02 20:00h,https://www.futbolfantasy.com/partidos/22673-elche-levante
22674,23,Espanyol,Rayo,0,,Dom 07/02 20:00h,https://www.futbolfantasy.com/partidos/22674-espanyol-rayo
22675,23,Barcelona,Atlético,0,,Dom 07/02 20:00h,https://www.futbolfantasy.com/partidos/22675-barcelona-atletico
22676,23,Getafe,Villarreal,0,,Dom 07/02 20:00h,https://www.futbolfantasy.com/partidos/22676-getafe-villarreal
22677,23,Betis,Sevilla,0,,Dom 07/02 20:00h,https://www.futbolfantasy.com/partidos/22677-betis-sevilla
22678,23,Real Sociedad,Real Madrid,0,,Dom 07/02 20:00h,https://www.futbolfantasy.com/partidos/22678-real-sociedad-real-madrid
22679,23,Valencia,Racing,0,,Dom 07/02 20:00h,https://www.futbolfantasy.com/partidos/22679-valencia-racing
22680,24,Celta,Rayo,0,,Dom 14/02 20:00h,https://www.futbolfantasy.com/partidos/22680-celta-rayo
22681,24,Elche,Deportivo,0,,Dom 14/02 20:00h,https://www.futbolfantasy.com/partidos/22681-elche-deportivo
22682,24,Levante,Málaga,0,,Dom 14/02 20:00h,https://www.futbolfantasy.com/partidos/22682-levante-malaga
22683,24,Osasuna,Atlético,0,,Dom 14/02 20:00h,https://www.futbolfantasy.com/partidos/22683-osasuna-atletico
22684,24,Real Madrid,Athletic,0,,Dom 14/02 20:00h,https://www.futbolfantasy.com/partidos/22684-real-madrid-athletic
22685,24,Racing,Getafe,0,,Dom 14/02 20:00h,https://www.futbolfantasy.com/partidos/22685-racing-getafe
22686,24,Real Sociedad,Betis,0,,Dom 14/02 20:00h,https://www.futbolfantasy.com/partidos/22686-real-sociedad-betis
22687,24,Sevilla,Espanyol,0,,Dom 14/02 20:00h,https://www.futbolfantasy.com/partidos/22687-sevilla-espanyol
22688,24,Valencia,Alavés,0,,Dom 14/02 20:00h,https://www.futbolfantasy.com/partidos/22688-valencia-alaves
22689,24,Villarreal,Barcelona,0,,Dom 14/02 20:00h,https://www.futbolfantasy.com/partidos/22689-villarreal-barcelona
22690,25,Athletic,Celta,0,,Dom 21/02 20:00h,https://www.futbolfantasy.com/partidos/22690-athletic-celta
22691,25,Atlético,Elche,0,,Dom 21/02 20:00h,https://www.futbolfantasy.com/partidos/22691-atletico-elche
22692,25,Alavés,Racing,0,,Dom 21/02 20:00h,https://www.futbolfantasy.com/partidos/22692-alaves-racing
22693,25,Deportivo,Real Sociedad,0,,Dom 21/02 20:00h,https://www.futbolfantasy.com/partidos/22693-deportivo-real-sociedad
22694,25,Espanyol,Osasuna,0,,Dom 21/02 20:00h,https://www.futbolfantasy.com/partidos/22694-espanyol-osasuna
22695,25,Barcelona,Levante,0,,Dom 21/02 20:00h,https://www.futbolfantasy.com/partidos/22695-barcelona-levante
22696,25,Málaga,Betis,0,,Dom 21/02 20:00h,https://www.futbolfantasy.com/partidos/22696-malaga-betis
22697,25,Rayo,Getafe,0,,Dom 21/02 20:00h,https://www.futbolfantasy.com/partidos/22697-rayo-getafe
22698,25,Sevilla,Real Madrid,0,,Dom 21/02 20:00h,https://www.futbolfantasy.com/partidos/22698-sevilla-real-madrid
22699,25,Villarreal,Valencia,0,,Dom 21/02 20:00h,https://www.futbolfantasy.com/partidos/22699-villarreal-valencia
22700,26,Athletic,Barcelona,0,,Dom 28/02 20:00h,https://www.futbolfantasy.com/partidos/22700-athletic-barcelona
22701,26,Celta,Espanyol,0,,Dom 28/02 20:00h,https://www.futbolfantasy.com/partidos/22701-celta-espanyol
22702,26,Getafe,Alavés,0,,Dom 28/02 20:00h,https://www.futbolfantasy.com/partidos/22702-getafe-alaves
22703,26,Levante,Deportivo,0,,Dom 28/02 20:00h,https://www.futbolfantasy.com/partidos/22703-levante-deportivo
22704,26,Málaga,Atlético,0,,Dom 28/02 20:00h,https://www.futbolfantasy.com/partidos/22704-malaga-atletico
22705,26,Osasuna,Sevilla,0,,Dom 28/02 20:00h,https://www.futbolfantasy.com/partidos/22705-osasuna-sevilla
22706,26,Betis,Villarreal,0,,Dom 28/02 20:00h,https://www.futbolfantasy.com/partidos/22706-betis-villarreal
22707,26,Real Madrid,Valencia,0,,Dom 28/02 20:00h,https://www.futbolfantasy.com/partidos/22707-real-madrid-valencia
22708,26,Racing,Rayo,0,,Dom 28/02 20:00h,https://www.futbolfantasy.com/partidos/22708-racing-rayo
22709,26,Real Sociedad,Elche,0,,Dom 28/02 20:00h,https://www.futbolfantasy.com/partidos/22709-real-sociedad-elche
22710,27,Atlético,Celta,0,,Dom 07/03 20:00h,https://www.futbolfantasy.com/partidos/22710-atletico-celta
22711,27,Alavés,Athletic,0,,Dom 07/03 20:00h,https://www.futbolfantasy.com/partidos/22711-alaves-athletic
22712,27,Deportivo,Getafe,0,,Dom 07/03 20:00h,https://www.futbolfantasy.com/partidos/22712-deportivo-getafe
22713,27,Elche,Málaga,0,,Dom 07/03 20:00h,https://www.futbolfantasy.com/partidos/22713-elche-malaga
22714,27,Espanyol,Racing,0,,Dom 07/03 20:00h,https://www.futbolfantasy.com/partidos/22714-espanyol-racing
22715,27,Barcelona,Betis,0,,Dom 07/03 20:00h,https://www.futbolfantasy.com/partidos/22715-barcelona-betis
22716,27,Rayo,Osasuna,0,,Dom 07/03 20:00h,https://www.futbolfantasy.com/partidos/22716-rayo-osasuna
22717,27,Sevilla,Real Sociedad,0,,Dom 07/03 20:00h,https://www.futbolfantasy.com/partidos/22717-sevilla-real-sociedad
22718,27,Valencia,Levante,0,,Dom 07/03 20:00h,https://www.futbolfantasy.com/partidos/22718-valencia-levante
22719,27,Villarreal,Real Madrid,0,,Dom 07/03 20:00h,https://www.futbolfantasy.com/partidos/22719-villarreal-real-madrid
22720,28,Athletic,Valencia,0,,Dom 14/03 20:00h,https://www.futbolfantasy.com/partidos/22720-athletic-valencia
22721,28,Alavés,Sevilla,0,,Dom 14/03 20:00h,https://www.futbolfantasy.com/partidos/22721-alaves-sevilla
22722,28,Elche,Villarreal,0,,Dom 14/03 20:00h,https://www.futbolfantasy.com/partidos/22722-elche-villarreal
22723,28,Barcelona,Deportivo,0,,Dom 14/03 20:00h,https://www.futbolfantasy.com/partidos/22723-barcelona-deportivo
22724,28,Getafe,Real Sociedad,0,,Dom 14/03 20:00h,https://www.futbolfantasy.com/partidos/22724-getafe-real-sociedad
22725,28,Málaga,Rayo,0,,Dom 14/03 20:00h,https://www.futbolfantasy.com/partidos/22725-malaga-rayo
22726,28,Osasuna,Celta,0,,Dom 14/03 20:00h,https://www.futbolfantasy.com/partidos/22726-osasuna-celta
22727,28,Betis,Levante,0,,Dom 14/03 20:00h,https://www.futbolfantasy.com/partidos/22727-betis-levante
22728,28,Real Madrid,Espanyol,0,,Dom 14/03 20:00h,https://www.futbolfantasy.com/partidos/22728-real-madrid-espanyol
22729,28,Racing,Atlético,0,,Dom 14/03 20:00h,https://www.futbolfantasy.com/partidos/22729-racing-atletico
22730,29,Atlético,Getafe,0,,Dom 21/03 20:00h,https://www.futbolfantasy.com/partidos/22730-atletico-getafe
22731,29,Celta,Real Madrid,0,,Dom 21/03 20:00h,https://www.futbolfantasy.com/partidos/22731-celta-real-madrid
22732,29,Espanyol,Athletic,0,,Dom 21/03 20:00h,https://www.futbolfantasy.com/partidos/22732-espanyol-athletic
22733,29,Levante,Osasuna,0,,Dom 21/03 20:00h,https://www.futbolfantasy.com/partidos/22733-levante-osasuna
22734,29,Rayo,Barcelona,0,,Dom 21/03 20:00h,https://www.futbolfantasy.com/partidos/22734-rayo-barcelona
22735,29,Racing,Betis,0,,Dom 21/03 20:00h,https://www.futbolfantasy.com/partidos/22735-racing-betis
22736,29,Real Sociedad,Alavés,0,,Dom 21/03 20:00h,https://www.futbolfantasy.com/partidos/22736-real-sociedad-alaves
22737,29,Sevilla,Elche,0,,Dom 21/03 20:00h,https://www.futbolfantasy.com/partidos/22737-sevilla-elche
22738,29,Valencia,Deportivo,0,,Dom 21/03 20:00h,https://www.futbolfantasy.com/partidos/22738-valencia-deportivo
22739,29,Villarreal,Málaga,0,,Dom 21/03 20:00h,https://www.futbolfantasy.com/partidos/22739-villarreal-malaga
22740,30,Athletic,Racing,0,,Dom 04/04 21:00h,https://www.futbolfantasy.com/partidos/22740-athletic-racing
22741,30,Deportivo,Villarreal,0,,Dom 04/04 21:00h,https://www.futbolfantasy.com/partidos/22741-deportivo-villarreal
22742,30,Elche,Alavés,0,,Dom 04/04 21:00h,https://www.futbolfantasy.com/partidos/22742-elche-alaves
22743,30,Barcelona,Sevilla,0,,Dom 04/04 21:00h,https://www.futbolfantasy.com/partidos/22743-barcelona-sevilla
22744,30,Getafe,Espanyol,0,,Dom 04/04 21:00h,https://www.futbolfantasy.com/partidos/22744-getafe-espanyol
22745,30,Levante,Rayo,0,,Dom 04/04 21:00h,https://www.futbolfantasy.com/partidos/22745-levante-rayo
22746,30,Málaga,Osasuna,0,,Dom 04/04 21:00h,https://www.futbolfantasy.com/partidos/22746-malaga-osasuna
22747,30,Betis,Celta,0,,Dom 04/04 21:00h,https://www.futbolfantasy.com/partidos/22747-betis-celta
22748,30,Real Madrid,Atlético,0,,Dom 04/04 21:00h,https://www.futbolfantasy.com/partidos/22748-real-madrid-atletico
22749,30,Real Sociedad,Valencia,0,,Dom 04/04 21:00h,https://www.futbolfantasy.com/partidos/22749-real-sociedad-valencia
22750,31,Atlético,Levante,0,,Dom 11/04 21:00h,https://www.futbolfantasy.com/partidos/22750-atletico-levante
22751,31,Celta,Elche,0,,Dom 11/04 21:00h,https://www.futbolfantasy.com/partidos/22751-celta-elche
22752,31,Alavés,Betis,0,,Dom 11/04 21:00h,https://www.futbolfantasy.com/partidos/22752-alaves-betis
22753,31,Espanyol,Málaga,0,,Dom 11/04 21:00h,https://www.futbolfantasy.com/partidos/22753-espanyol-malaga
22754,31,Osasuna,Real Madrid,0,,Dom 11/04 21:00h,https://www.futbolfantasy.com/partidos/22754-osasuna-real-madrid
22755,31,Rayo,Real Sociedad,0,,Dom 11/04 21:00h,https://www.futbolfantasy.com/partidos/22755-rayo-real-sociedad
22756,31,Racing,Barcelona,0,,Dom 11/04 21:00h,https://www.futbolfantasy.com/partidos/22756-racing-barcelona
22757,31,Sevilla,Deportivo,0,,Dom 11/04 21:00h,https://www.futbolfantasy.com/partidos/22757-sevilla-deportivo
22758,31,Valencia,Getafe,0,,Dom 11/04 21:00h,https://www.futbolfantasy.com/partidos/22758-valencia-getafe
22759,31,Villarreal,Athletic,0,,Dom 11/04 21:00h,https://www.futbolfantasy.com/partidos/22759-villarreal-athletic
22760,32,Atlético,Sevilla,0,,Dom 18/04 21:00h,https://www.futbolfantasy.com/partidos/22760-atletico-sevilla
22761,32,Alavés,Rayo,0,,Dom 18/04 21:00h,https://www.futbolfantasy.com/partidos/22761-alaves-rayo
22762,32,Deportivo,Celta,0,,Dom 18/04 21:00h,https://www.futbolfantasy.com/partidos/22762-deportivo-celta
22763,32,Elche,Osasuna,0,,Dom 18/04 21:00h,https://www.futbolfantasy.com/partidos/22763-elche-osasuna
22764,32,Barcelona,Espanyol,0,,Dom 18/04 21:00h,https://www.futbolfantasy.com/partidos/22764-barcelona-espanyol
22765,32,Getafe,Real Madrid,0,,Dom 18/04 21:00h,https://www.futbolfantasy.com/partidos/22765-getafe-real-madrid
22766,32,Levante,Villarreal,0,,Dom 18/04 21:00h,https://www.futbolfantasy.com/partidos/22766-levante-villarreal
22767,32,Málaga,Valencia,0,,Dom 18/04 21:00h,https://www.futbolfantasy.com/partidos/22767-malaga-valencia
22768,32,Betis,Athletic,0,,Dom 18/04 21:00h,https://www.futbolfantasy.com/partidos/22768-betis-athletic
22769,32,Real Sociedad,Racing,0,,Dom 18/04 21:00h,https://www.futbolfantasy.com/partidos/22769-real-sociedad-racing
22770,33,Athletic,Deportivo,0,,Mie 21/04 21:00h,https://www.futbolfantasy.com/partidos/22770-athletic-deportivo
22771,33,Celta,Barcelona,0,,Mie 21/04 21:00h,https://www.futbolfantasy.com/partidos/22771-celta-barcelona
22772,33,Espanyol,Real Sociedad,0,,Mie 21/04 21:00h,https://www.futbolfantasy.com/partidos/22772-espanyol-real-sociedad
22773,33,Getafe,Betis,0,,Mie 21/04 21:00h,https://www.futbolfantasy.com/partidos/22773-getafe-betis
22774,33,Osasuna,Alavés,0,,Mie 21/04 21:00h,https://www.futbolfantasy.com/partidos/22774-osasuna-alaves
22775,33,Real Madrid,Elche,0,,Mie 21/04 21:00h,https://www.futbolfantasy.com/partidos/22775-real-madrid-elche
22776,33,Racing,Málaga,0,,Mie 21/04 21:00h,https://www.futbolfantasy.com/partidos/22776-racing-malaga
22777,33,Sevilla,Levante,0,,Mie 21/04 21:00h,https://www.futbolfantasy.com/partidos/22777-sevilla-levante
22778,33,Valencia,Rayo,0,,Mie 21/04 21:00h,https://www.futbolfantasy.com/partidos/22778-valencia-rayo
22779,33,Villarreal,Atlético,0,,Mie 21/04 21:00h,https://www.futbolfantasy.com/partidos/22779-villarreal-atletico
22780,34,Atlético,Alavés,0,,Dom 02/05 21:00h,https://www.futbolfantasy.com/partidos/22780-atletico-alaves
22781,34,Celta,Sevilla,0,,Dom 02/05 21:00h,https://www.futbolfantasy.com/partidos/22781-celta-sevilla
22782,34,Deportivo,Racing,0,,Dom 02/05 21:00h,https://www.futbolfantasy.com/partidos/22782-deportivo-racing
22783,34,Elche,Espanyol,0,,Dom 02/05 21:00h,https://www.futbolfantasy.com/partidos/22783-elche-espanyol
22784,34,Barcelona,Osasuna,0,,Dom 02/05 21:00h,https://www.futbolfantasy.com/partidos/22784-barcelona-osasuna
22785,34,Levante,Real Madrid,0,,Dom 02/05 21:00h,https://www.futbolfantasy.com/partidos/22785-levante-real-madrid
22786,34,Málaga,Getafe,0,,Dom 02/05 21:00h,https://www.futbolfantasy.com/partidos/22786-malaga-getafe
22787,34,Rayo,Villarreal,0,,Dom 02/05 21:00h,https://www.futbolfantasy.com/partidos/22787-rayo-villarreal
22788,34,Betis,Valencia,0,,Dom 02/05 21:00h,https://www.futbolfantasy.com/partidos/22788-betis-valencia
22789,34,Real Sociedad,Athletic,0,,Dom 02/05 21:00h,https://www.futbolfantasy.com/partidos/22789-real-sociedad-athletic
22790,35,Athletic,Málaga,0,,Dom 09/05 21:00h,https://www.futbolfantasy.com/partidos/22790-athletic-malaga
22791,35,Alavés,Levante,0,,Dom 09/05 21:00h,https://www.futbolfantasy.com/partidos/22791-alaves-levante
22792,35,Getafe,Elche,0,,Dom 09/05 21:00h,https://www.futbolfantasy.com/partidos/22792-getafe-elche
22793,35,Osasuna,Real Sociedad,0,,Dom 09/05 21:00h,https://www.futbolfantasy.com/partidos/22793-osasuna-real-sociedad
22794,35,Rayo,Deportivo,0,,Dom 09/05 21:00h,https://www.futbolfantasy.com/partidos/22794-rayo-deportivo
22795,35,Betis,Espanyol,0,,Dom 09/05 21:00h,https://www.futbolfantasy.com/partidos/22795-betis-espanyol
22796,35,Real Madrid,Barcelona,0,,Dom 09/05 21:00h,https://www.futbolfantasy.com/partidos/22796-real-madrid-barcelona
22797,35,Racing,Sevilla,0,,Dom 09/05 21:00h,https://www.futbolfantasy.com/partidos/22797-racing-sevilla
22798,35,Valencia,Atlético,0,,Dom 09/05 21:00h,https://www.futbolfantasy.com/partidos/22798-valencia-atletico
22799,35,Villarreal,Celta,0,,Dom 09/05 21:00h,https://www.futbolfantasy.com/partidos/22799-villarreal-celta
22800,36,Atlético,Rayo,0,,Dom 16/05 21:00h,https://www.futbolfantasy.com/partidos/22800-atletico-rayo
22801,36,Deportivo,Alavés,0,,Dom 16/05 21:00h,https://www.futbolfantasy.com/partidos/22801-deportivo-alaves
22802,36,Elche,Athletic,0,,Dom 16/05 21:00h,https://www.futbolfantasy.com/partidos/22802-elche-athletic
22803,36,Espanyol,Valencia,0,,Dom 16/05 21:00h,https://www.futbolfantasy.com/partidos/22803-espanyol-valencia
22804,36,Levante,Getafe,0,,Dom 16/05 21:00h,https://www.futbolfantasy.com/partidos/22804-levante-getafe
22805,36,Málaga,Celta,0,,Dom 16/05 21:00h,https://www.futbolfantasy.com/partidos/22805-malaga-celta
22806,36,Osasuna,Betis,0,,Dom 16/05 21:00h,https://www.futbolfantasy.com/partidos/22806-osasuna-betis
22807,36,Real Madrid,Racing,0,,Dom 16/05 21:00h,https://www.futbolfantasy.com/partidos/22807-real-madrid-racing
22808,36,Real Sociedad,Barcelona,0,,Dom 16/05 21:00h,https://www.futbolfantasy.com/partidos/22808-real-sociedad-barcelona
22809,36,Sevilla,Villarreal,0,,Dom 16/05 21:00h,https://www.futbolfantasy.com/partidos/22809-sevilla-villarreal
22810,37,Alavés,Real Madrid,0,,Dom 23/05 21:00h,https://www.futbolfantasy.com/partidos/22810-alaves-real-madrid
22811,37,Atlético,Athletic,0,,Dom 23/05 21:00h,https://www.futbolfantasy.com/partidos/22811-atletico-athletic
22812,37,Celta,Real Sociedad,0,,Dom 23/05 21:00h,https://www.futbolfantasy.com/partidos/22812-celta-real-sociedad
22813,37,Deportivo,Espanyol,0,,Dom 23/05 21:00h,https://www.futbolfantasy.com/partidos/22813-deportivo-espanyol
22814,37,Barcelona,Málaga,0,,Dom 23/05 21:00h,https://www.futbolfantasy.com/partidos/22814-barcelona-malaga
22815,37,Rayo,Betis,0,,Dom 23/05 21:00h,https://www.futbolfantasy.com/partidos/22815-rayo-betis
22816,37,Racing,Levante,0,,Dom 23/05 21:00h,https://www.futbolfantasy.com/partidos/22816-racing-levante
22817,37,Sevilla,Getafe,0,,Dom 23/05 21:00h,https://www.futbolfantasy.com/partidos/22817-sevilla-getafe
22818,37,Valencia,Elche,0,,Dom 23/05 21:00h,https://www.futbolfantasy.com/partidos/22818-valencia-elche
22819,37,Villarreal,Osasuna,0,,Dom 23/05 21:00h,https://www.futbolfantasy.com/partidos/22819-villarreal-osasuna
22820,38,Athletic,Rayo,0,,Dom 30/05 21:00h,https://www.futbolfantasy.com/partidos/22820-athletic-rayo
22821,38,Elche,Racing,0,,Dom 30/05 21:00h,https://www.futbolfantasy.com/partidos/22821-elche-racing
22822,38,Espanyol,Alavés,0,,Dom 30/05 21:00h,https://www.futbolfantasy.com/partidos/22822-espanyol-alaves
22823,38,Getafe,Barcelona,0,,Dom 30/05 21:00h,https://www.futbolfantasy.com/partidos/22823-getafe-barcelona
22824,38,Levante,Celta,0,,Dom 30/05 21:00h,https://www.futbolfantasy.com/partidos/22824-levante-celta
22825,38,Málaga,Sevilla,0,,Dom 30/05 21:00h,https://www.futbolfantasy.com/partidos/22825-malaga-sevilla
22826,38,Osasuna,Valencia,0,,Dom 30/05 21:00h,https://www.futbolfantasy.com/partidos/22826-osasuna-valencia
22827,38,Betis,Atlético,0,,Dom 30/05 21:00h,https://www.futbolfantasy.com/partidos/22827-betis-atletico
22828,38,Real Madrid,Deportivo,0,,Dom 30/05 21:00h,https://www.futbolfantasy.com/partidos/22828-real-madrid-deportivo
22829,38,Real Sociedad,Villarreal,0,,Dom 30/05 21:00h,https://www.futbolfantasy.com/partidos/22829-real-sociedad-villarreal
