id,slug,url
22421,alaves-getafe,https://www.futbolfantasy.com/partidos/22421-alaves-getafe
22422,atletico-malaga,https://www.futbolfantasy.com/partidos/22422-atletico-malaga
22423,celta-osasuna,https://www.futbolfantasy.com/partidos/22423-celta-osasuna
22424,deportivo-elche,https://www.futbolfantasy.com/partidos/22424-deportivo-elche
22425,espanyol-levante,https://www.futbolfantasy.com/partidos/22425-espanyol-levante
22426,barcelona-athletic,https://www.futbolfantasy.com/partidos/22426-barcelona-athletic
22427,racing-villarreal,https://www.futbolfantasy.com/partidos/22427-racing-villarreal
22428,real-madrid-real-sociedad,https://www.futbolfantasy.com/partidos/22428-real-madrid-real-sociedad
22429,sevilla-rayo,https://www.futbolfantasy.com/partidos/22429-sevilla-rayo
22430,valencia-betis,https://www.futbolfantasy.com/partidos/22430-valencia-betis
22433,athletic-sevilla,https://www.futbolfantasy.com/partidos/22433-athletic-sevilla
22434,atletico-villarreal,https://www.futbolfantasy.com/partidos/22434-atletico-villarreal
22435,elche-barcelona,https://www.futbolfantasy.com/partidos/22435-elche-barcelona
22436,espanyol-real-madrid,https://www.futbolfantasy.com/partidos/22436-espanyol-real-madrid
22437,getafe-racing,https://www.futbolfantasy.com/partidos/22437-getafe-racing
22438,malaga-deportivo,https://www.futbolfantasy.com/partidos/22438-malaga-deportivo
22439,osasuna-levante,https://www.futbolfantasy.com/partidos/22439-osasuna-levante
22440,rayo-alaves,https://www.futbolfantasy.com/partidos/22440-rayo-alaves
22441,betis-real-sociedad,https://www.futbolfantasy.com/partidos/22441-betis-real-sociedad
22442,valencia-celta,https://www.futbolfantasy.com/partidos/22442-valencia-celta
22443,celta-athletic,https://www.futbolfantasy.com/partidos/22443-celta-athletic
22444,alaves-villarreal,https://www.futbolfantasy.com/partidos/22444-alaves-villarreal
22445,deportivo-valencia,https://www.futbolfantasy.com/partidos/22445-deportivo-valencia
22446,barcelona-rayo,https://www.futbolfantasy.com/partidos/22446-barcelona-rayo
22447,levante-betis,https://www.futbolfantasy.com/partidos/22447-levante-betis
22448,osasuna-getafe,https://www.futbolfantasy.com/partidos/22448-osasuna-getafe
22449,real-madrid-malaga,https://www.futbolfantasy.com/partidos/22449-real-madrid-malaga
22450,racing-elche,https://www.futbolfantasy.com/partidos/22450-racing-elche
22451,real-sociedad-espanyol,https://www.futbolfantasy.com/partidos/22451-real-sociedad-espanyol
22452,sevilla-atletico,https://www.futbolfantasy.com/partidos/22452-sevilla-atletico
22453,athletic-atletico,https://www.futbolfantasy.com/partidos/22453-athletic-atletico
22454,alaves-osasuna,https://www.futbolfantasy.com/partidos/22454-alaves-osasuna
22455,elche-real-sociedad,https://www.futbolfantasy.com/partidos/22455-elche-real-sociedad
22456,espanyol-sevilla,https://www.futbolfantasy.com/partidos/22456-espanyol-sevilla
22457,getafe-celta,https://www.futbolfantasy.com/partidos/22457-getafe-celta
22458,malaga-levante,https://www.futbolfantasy.com/partidos/22458-malaga-levante
22459,rayo-racing,https://www.futbolfantasy.com/partidos/22459-rayo-racing
22460,betis-real-madrid,https://www.futbolfantasy.com/partidos/22460-betis-real-madrid
22461,valencia-barcelona,https://www.futbolfantasy.com/partidos/22461-valencia-barcelona
22462,villarreal-deportivo,https://www.futbolfantasy.com/partidos/22462-villarreal-deportivo
22463,athletic-elche,https://www.futbolfantasy.com/partidos/22463-athletic-elche
22464,celta-malaga,https://www.futbolfantasy.com/partidos/22464-celta-malaga
22465,getafe-deportivo,https://www.futbolfantasy.com/partidos/22465-getafe-deportivo
22466,levante-barcelona,https://www.futbolfantasy.com/partidos/22466-levante-barcelona
22467,osasuna-espanyol,https://www.futbolfantasy.com/partidos/22467-osasuna-espanyol
22468,real-madrid-rayo,https://www.futbolfantasy.com/partidos/22468-real-madrid-rayo
22469,racing-alaves,https://www.futbolfantasy.com/partidos/22469-racing-alaves
22470,real-sociedad-atletico,https://www.futbolfantasy.com/partidos/22470-real-sociedad-atletico
22471,sevilla-valencia,https://www.futbolfantasy.com/partidos/22471-sevilla-valencia
22472,villarreal-betis,https://www.futbolfantasy.com/partidos/22472-villarreal-betis
22473,atletico-osasuna,https://www.futbolfantasy.com/partidos/22473-atletico-osasuna
22474,alaves-valencia,https://www.futbolfantasy.com/partidos/22474-alaves-valencia
22475,deportivo-sevilla,https://www.futbolfantasy.com/partidos/22475-deportivo-sevilla
22476,elche-real-madrid,https://www.futbolfantasy.com/partidos/22476-elche-real-madrid
22477,barcelona-racing,https://www.futbolfantasy.com/partidos/22477-barcelona-racing
22478,levante-athletic,https://www.futbolfantasy.com/partidos/22478-levante-athletic
22479,malaga-villarreal,https://www.futbolfantasy.com/partidos/22479-malaga-villarreal
22480,rayo-espanyol,https://www.futbolfantasy.com/partidos/22480-rayo-espanyol
22481,betis-getafe,https://www.futbolfantasy.com/partidos/22481-betis-getafe
22482,real-sociedad-celta,https://www.futbolfantasy.com/partidos/22482-real-sociedad-celta
22483,athletic-alaves,https://www.futbolfantasy.com/partidos/22483-athletic-alaves
22484,atletico-real-madrid,https://www.futbolfantasy.com/partidos/22484-atletico-real-madrid
22485,celta-racing,https://www.futbolfantasy.com/partidos/22485-celta-racing
22486,deportivo-betis,https://www.futbolfantasy.com/partidos/22486-deportivo-betis
22487,espanyol-elche,https://www.futbolfantasy.com/partidos/22487-espanyol-elche
22488,getafe-malaga,https://www.futbolfantasy.com/partidos/22488-getafe-malaga
22489,osasuna-rayo,https://www.futbolfantasy.com/partidos/22489-osasuna-rayo
22490,sevilla-barcelona,https://www.futbolfantasy.com/partidos/22490-sevilla-barcelona
22491,valencia-real-sociedad,https://www.futbolfantasy.com/partidos/22491-valencia-real-sociedad
22492,villarreal-levante,https://www.futbolfantasy.com/partidos/22492-villarreal-levante
22493,alaves-atletico,https://www.futbolfantasy.com/partidos/22493-alaves-atletico
22494,elche-celta,https://www.futbolfantasy.com/partidos/22494-elche-celta
22495,barcelona-getafe,https://www.futbolfantasy.com/partidos/22495-barcelona-getafe
22496,levante-sevilla,https://www.futbolfantasy.com/partidos/22496-levante-sevilla
22497,malaga-espanyol,https://www.futbolfantasy.com/partidos/22497-malaga-espanyol
22498,rayo-athletic,https://www.futbolfantasy.com/partidos/22498-rayo-athletic
22499,betis-osasuna,https://www.futbolfantasy.com/partidos/22499-betis-osasuna
22500,real-madrid-villarreal,https://www.futbolfantasy.com/partidos/22500-real-madrid-villarreal
22501,racing-valencia,https://www.futbolfantasy.com/partidos/22501-racing-valencia
22502,real-sociedad-deportivo,https://www.futbolfantasy.com/partidos/22502-real-sociedad-deportivo
22503,celta-alaves,https://www.futbolfantasy.com/partidos/22503-celta-alaves
22504,deportivo-levante,https://www.futbolfantasy.com/partidos/22504-deportivo-levante
22505,espanyol-atletico,https://www.futbolfantasy.com/partidos/22505-espanyol-atletico
22506,getafe-rayo,https://www.futbolfantasy.com/partidos/22506-getafe-rayo
22507,malaga-real-sociedad,https://www.futbolfantasy.com/partidos/22507-malaga-real-sociedad
22508,osasuna-racing,https://www.futbolfantasy.com/partidos/22508-osasuna-racing
22509,betis-barcelona,https://www.futbolfantasy.com/partidos/22509-betis-barcelona
22510,real-madrid-sevilla,https://www.futbolfantasy.com/partidos/22510-real-madrid-sevilla
22511,valencia-athletic,https://www.futbolfantasy.com/partidos/22511-valencia-athletic
22512,villarreal-elche,https://www.futbolfantasy.com/partidos/22512-villarreal-elche
22513,athletic-getafe,https://www.futbolfantasy.com/partidos/22513-athletic-getafe
22514,atletico-deportivo,https://www.futbolfantasy.com/partidos/22514-atletico-deportivo
22515,celta-betis,https://www.futbolfantasy.com/partidos/22515-celta-betis
22516,alaves-malaga,https://www.futbolfantasy.com/partidos/22516-alaves-malaga
22517,barcelona-real-madrid,https://www.futbolfantasy.com/partidos/22517-barcelona-real-madrid
22518,rayo-elche,https://www.futbolfantasy.com/partidos/22518-rayo-elche
22519,racing-espanyol,https://www.futbolfantasy.com/partidos/22519-racing-espanyol
22520,real-sociedad-levante,https://www.futbolfantasy.com/partidos/22520-real-sociedad-levante
22521,sevilla-osasuna,https://www.futbolfantasy.com/partidos/22521-sevilla-osasuna
22522,valencia-villarreal,https://www.futbolfantasy.com/partidos/22522-valencia-villarreal
22523,athletic-real-sociedad,https://www.futbolfantasy.com/partidos/22523-athletic-real-sociedad
22524,deportivo-osasuna,https://www.futbolfantasy.com/partidos/22524-deportivo-osasuna
22525,elche-valencia,https://www.futbolfantasy.com/partidos/22525-elche-valencia
22526,barcelona-alaves,https://www.futbolfantasy.com/partidos/22526-barcelona-alaves
22527,getafe-sevilla,https://www.futbolfantasy.com/partidos/22527-getafe-sevilla
22528,levante-atletico,https://www.futbolfantasy.com/partidos/22528-levante-atletico
22529,rayo-celta,https://www.futbolfantasy.com/partidos/22529-rayo-celta
22530,betis-malaga,https://www.futbolfantasy.com/partidos/22530-betis-malaga
22531,racing-real-madrid,https://www.futbolfantasy.com/partidos/22531-racing-real-madrid
22532,villarreal-espanyol,https://www.futbolfantasy.com/partidos/22532-villarreal-espanyol
22533,atletico-barcelona,https://www.futbolfantasy.com/partidos/22533-atletico-barcelona
22534,celta-levante,https://www.futbolfantasy.com/partidos/22534-celta-levante
22535,elche-betis,https://www.futbolfantasy.com/partidos/22535-elche-betis
22536,espanyol-deportivo,https://www.futbolfantasy.com/partidos/22536-espanyol-deportivo
22537,malaga-racing,https://www.futbolfantasy.com/partidos/22537-malaga-racing
22538,osasuna-athletic,https://www.futbolfantasy.com/partidos/22538-osasuna-athletic
22539,real-sociedad-rayo,https://www.futbolfantasy.com/partidos/22539-real-sociedad-rayo
22540,sevilla-alaves,https://www.futbolfantasy.com/partidos/22540-sevilla-alaves
22541,valencia-real-madrid,https://www.futbolfantasy.com/partidos/22541-valencia-real-madrid
22542,villarreal-getafe,https://www.futbolfantasy.com/partidos/22542-villarreal-getafe
22543,athletic-espanyol,https://www.futbolfantasy.com/partidos/22543-athletic-espanyol
22544,alaves-deportivo,https://www.futbolfantasy.com/partidos/22544-alaves-deportivo
22545,barcelona-villarreal,https://www.futbolfantasy.com/partidos/22545-barcelona-villarreal
22546,getafe-atletico,https://www.futbolfantasy.com/partidos/22546-getafe-atletico
22547,levante-elche,https://www.futbolfantasy.com/partidos/22547-levante-elche
22548,osasuna-malaga,https://www.futbolfantasy.com/partidos/22548-osasuna-malaga
22549,rayo-valencia,https://www.futbolfantasy.com/partidos/22549-rayo-valencia
22550,real-madrid-celta,https://www.futbolfantasy.com/partidos/22550-real-madrid-celta
22551,racing-real-sociedad,https://www.futbolfantasy.com/partidos/22551-racing-real-sociedad
22552,sevilla-betis,https://www.futbolfantasy.com/partidos/22552-sevilla-betis
22553,celta-villarreal,https://www.futbolfantasy.com/partidos/22553-celta-villarreal
22554,deportivo-barcelona,https://www.futbolfantasy.com/partidos/22554-deportivo-barcelona
22555,elche-atletico,https://www.futbolfantasy.com/partidos/22555-elche-atletico
22556,espanyol-getafe,https://www.futbolfantasy.com/partidos/22556-espanyol-getafe
22557,levante-racing,https://www.futbolfantasy.com/partidos/22557-levante-racing
22558,malaga-athletic,https://www.futbolfantasy.com/partidos/22558-malaga-athletic
22559,betis-rayo,https://www.futbolfantasy.com/partidos/22559-betis-rayo
22560,real-madrid-alaves,https://www.futbolfantasy.com/partidos/22560-real-madrid-alaves
22588,real-sociedad-sevilla,https://www.futbolfantasy.com/partidos/22588-real-sociedad-sevilla
22589,valencia-osasuna,https://www.futbolfantasy.com/partidos/22589-valencia-osasuna
22590,athletic-real-madrid,https://www.futbolfantasy.com/partidos/22590-athletic-real-madrid
22591,atletico-betis,https://www.futbolfantasy.com/partidos/22591-atletico-betis
22592,alaves-espanyol,https://www.futbolfantasy.com/partidos/22592-alaves-espanyol
22593,barcelona-celta,https://www.futbolfantasy.com/partidos/22593-barcelona-celta
22594,getafe-valencia,https://www.futbolfantasy.com/partidos/22594-getafe-valencia
22595,osasuna-elche,https://www.futbolfantasy.com/partidos/22595-osasuna-elche
22596,rayo-levante,https://www.futbolfantasy.com/partidos/22596-rayo-levante
22597,racing-deportivo,https://www.futbolfantasy.com/partidos/22597-racing-deportivo
22598,sevilla-malaga,https://www.futbolfantasy.com/partidos/22598-sevilla-malaga
22599,villarreal-real-sociedad,https://www.futbolfantasy.com/partidos/22599-villarreal-real-sociedad
22600,atletico-valencia,https://www.futbolfantasy.com/partidos/22600-atletico-valencia
22601,deportivo-athletic,https://www.futbolfantasy.com/partidos/22601-deportivo-athletic
22602,elche-sevilla,https://www.futbolfantasy.com/partidos/22602-elche-sevilla
22603,espanyol-celta,https://www.futbolfantasy.com/partidos/22603-espanyol-celta
22604,levante-alaves,https://www.futbolfantasy.com/partidos/22604-levante-alaves
22605,malaga-barcelona,https://www.futbolfantasy.com/partidos/22605-malaga-barcelona
22606,betis-racing,https://www.futbolfantasy.com/partidos/22606-betis-racing
22607,real-madrid-osasuna,https://www.futbolfantasy.com/partidos/22607-real-madrid-osasuna
22608,real-sociedad-getafe,https://www.futbolfantasy.com/partidos/22608-real-sociedad-getafe
22609,villarreal-rayo,https://www.futbolfantasy.com/partidos/22609-villarreal-rayo
22610,athletic-betis,https://www.futbolfantasy.com/partidos/22610-athletic-betis
22611,celta-atletico,https://www.futbolfantasy.com/partidos/22611-celta-atletico
22612,alaves-elche,https://www.futbolfantasy.com/partidos/22612-alaves-elche
22613,deportivo-real-madrid,https://www.futbolfantasy.com/partidos/22613-deportivo-real-madrid
22614,barcelona-real-sociedad,https://www.futbolfantasy.com/partidos/22614-barcelona-real-sociedad
22615,getafe-levante,https://www.futbolfantasy.com/partidos/22615-getafe-levante
22616,osasuna-villarreal,https://www.futbolfantasy.com/partidos/22616-osasuna-villarreal
22617,rayo-malaga,https://www.futbolfantasy.com/partidos/22617-rayo-malaga
22618,sevilla-racing,https://www.futbolfantasy.com/partidos/22618-sevilla-racing
22619,valencia-espanyol,https://www.futbolfantasy.com/partidos/22619-valencia-espanyol
22620,celta-deportivo,https://www.futbolfantasy.com/partidos/22620-celta-deportivo
22621,espanyol-barcelona,https://www.futbolfantasy.com/partidos/22621-espanyol-barcelona
22622,levante-valencia,https://www.futbolfantasy.com/partidos/22622-levante-valencia
22623,malaga-elche,https://www.futbolfantasy.com/partidos/22623-malaga-elche
22624,rayo-atletico,https://www.futbolfantasy.com/partidos/22624-rayo-atletico
22625,betis-alaves,https://www.futbolfantasy.com/partidos/22625-betis-alaves
22626,real-madrid-getafe,https://www.futbolfantasy.com/partidos/22626-real-madrid-getafe
22627,racing-athletic,https://www.futbolfantasy.com/partidos/22627-racing-athletic
22628,real-sociedad-osasuna,https://www.futbolfantasy.com/partidos/22628-real-sociedad-osasuna
22629,villarreal-sevilla,https://www.futbolfantasy.com/partidos/22629-villarreal-sevilla
22630,athletic-villarreal,https://www.futbolfantasy.com/partidos/22630-athletic-villarreal
22631,atletico-racing,https://www.futbolfantasy.com/partidos/22631-atletico-racing
22632,alaves-real-sociedad,https://www.futbolfantasy.com/partidos/22632-alaves-real-sociedad
22633,deportivo-rayo,https://www.futbolfantasy.com/partidos/22633-deportivo-rayo
22634,elche-getafe,https://www.futbolfantasy.com/partidos/22634-elche-getafe
22635,espanyol-betis,https://www.futbolfantasy.com/partidos/22635-espanyol-betis
22636,osasuna-barcelona,https://www.futbolfantasy.com/partidos/22636-osasuna-barcelona
22637,real-madrid-levante,https://www.futbolfantasy.com/partidos/22637-real-madrid-levante
22638,sevilla-celta,https://www.futbolfantasy.com/partidos/22638-sevilla-celta
22639,valencia-malaga,https://www.futbolfantasy.com/partidos/22639-valencia-malaga
22640,atletico-real-sociedad,https://www.futbolfantasy.com/partidos/22640-atletico-real-sociedad
22641,celta-valencia,https://www.futbolfantasy.com/partidos/22641-celta-valencia
22642,barcelona-elche,https://www.futbolfantasy.com/partidos/22642-barcelona-elche
22643,getafe-athletic,https://www.futbolfantasy.com/partidos/22643-getafe-athletic
22644,levante-espanyol,https://www.futbolfantasy.com/partidos/22644-levante-espanyol
22645,malaga-real-madrid,https://www.futbolfantasy.com/partidos/22645-malaga-real-madrid
22646,rayo-sevilla,https://www.futbolfantasy.com/partidos/22646-rayo-sevilla
22647,betis-deportivo,https://www.futbolfantasy.com/partidos/22647-betis-deportivo
22648,racing-osasuna,https://www.futbolfantasy.com/partidos/22648-racing-osasuna
22649,villarreal-alaves,https://www.futbolfantasy.com/partidos/22649-villarreal-alaves
22650,athletic-levante,https://www.futbolfantasy.com/partidos/22650-athletic-levante
22651,alaves-barcelona,https://www.futbolfantasy.com/partidos/22651-alaves-barcelona
22652,deportivo-atletico,https://www.futbolfantasy.com/partidos/22652-deportivo-atletico
22653,elche-rayo,https://www.futbolfantasy.com/partidos/22653-elche-rayo
22654,espanyol-villarreal,https://www.futbolfantasy.com/partidos/22654-espanyol-villarreal
22655,getafe-osasuna,https://www.futbolfantasy.com/partidos/22655-getafe-osasuna
22656,real-madrid-betis,https://www.futbolfantasy.com/partidos/22656-real-madrid-betis
22657,racing-celta,https://www.futbolfantasy.com/partidos/22657-racing-celta
22658,real-sociedad-malaga,https://www.futbolfantasy.com/partidos/22658-real-sociedad-malaga
22659,valencia-sevilla,https://www.futbolfantasy.com/partidos/22659-valencia-sevilla
22660,atletico-espanyol,https://www.futbolfantasy.com/partidos/22660-atletico-espanyol
22661,celta-getafe,https://www.futbolfantasy.com/partidos/22661-celta-getafe
22662,barcelona-valencia,https://www.futbolfantasy.com/partidos/22662-barcelona-valencia
22663,levante-real-sociedad,https://www.futbolfantasy.com/partidos/22663-levante-real-sociedad
22664,malaga-alaves,https://www.futbolfantasy.com/partidos/22664-malaga-alaves
22665,osasuna-deportivo,https://www.futbolfantasy.com/partidos/22665-osasuna-deportivo
22666,rayo-real-madrid,https://www.futbolfantasy.com/partidos/22666-rayo-real-madrid
22667,betis-elche,https://www.futbolfantasy.com/partidos/22667-betis-elche
22668,sevilla-athletic,https://www.futbolfantasy.com/partidos/22668-sevilla-athletic
22669,villarreal-racing,https://www.futbolfantasy.com/partidos/22669-villarreal-racing
22670,athletic-osasuna,https://www.futbolfantasy.com/partidos/22670-athletic-osasuna
22671,alaves-celta,https://www.futbolfantasy.com/partidos/22671-alaves-celta
22672,deportivo-malaga,https://www.futbolfantasy.com/partidos/22672-deportivo-malaga
22673,elche-levante,https://www.futbolfantasy.com/partidos/22673-elche-levante
22674,espanyol-rayo,https://www.futbolfantasy.com/partidos/22674-espanyol-rayo
22675,barcelona-atletico,https://www.futbolfantasy.com/partidos/22675-barcelona-atletico
22676,getafe-villarreal,https://www.futbolfantasy.com/partidos/22676-getafe-villarreal
22677,betis-sevilla,https://www.futbolfantasy.com/partidos/22677-betis-sevilla
22678,real-sociedad-real-madrid,https://www.futbolfantasy.com/partidos/22678-real-sociedad-real-madrid
22679,valencia-racing,https://www.futbolfantasy.com/partidos/22679-valencia-racing
22680,celta-rayo,https://www.futbolfantasy.com/partidos/22680-celta-rayo
22681,elche-deportivo,https://www.futbolfantasy.com/partidos/22681-elche-deportivo
22682,levante-malaga,https://www.futbolfantasy.com/partidos/22682-levante-malaga
22683,osasuna-atletico,https://www.futbolfantasy.com/partidos/22683-osasuna-atletico
22684,real-madrid-athletic,https://www.futbolfantasy.com/partidos/22684-real-madrid-athletic
22685,racing-getafe,https://www.futbolfantasy.com/partidos/22685-racing-getafe
22686,real-sociedad-betis,https://www.futbolfantasy.com/partidos/22686-real-sociedad-betis
22687,sevilla-espanyol,https://www.futbolfantasy.com/partidos/22687-sevilla-espanyol
22688,valencia-alaves,https://www.futbolfantasy.com/partidos/22688-valencia-alaves
22689,villarreal-barcelona,https://www.futbolfantasy.com/partidos/22689-villarreal-barcelona
22690,athletic-celta,https://www.futbolfantasy.com/partidos/22690-athletic-celta
22691,atletico-elche,https://www.futbolfantasy.com/partidos/22691-atletico-elche
22692,alaves-racing,https://www.futbolfantasy.com/partidos/22692-alaves-racing
22693,deportivo-real-sociedad,https://www.futbolfantasy.com/partidos/22693-deportivo-real-sociedad
22694,espanyol-osasuna,https://www.futbolfantasy.com/partidos/22694-espanyol-osasuna
22695,barcelona-levante,https://www.futbolfantasy.com/partidos/22695-barcelona-levante
22696,malaga-betis,https://www.futbolfantasy.com/partidos/22696-malaga-betis
22697,rayo-getafe,https://www.futbolfantasy.com/partidos/22697-rayo-getafe
22698,sevilla-real-madrid,https://www.futbolfantasy.com/partidos/22698-sevilla-real-madrid
22699,villarreal-valencia,https://www.futbolfantasy.com/partidos/22699-villarreal-valencia
22700,athletic-barcelona,https://www.futbolfantasy.com/partidos/22700-athletic-barcelona
22701,celta-espanyol,https://www.futbolfantasy.com/partidos/22701-celta-espanyol
22702,getafe-alaves,https://www.futbolfantasy.com/partidos/22702-getafe-alaves
22703,levante-deportivo,https://www.futbolfantasy.com/partidos/22703-levante-deportivo
22704,malaga-atletico,https://www.futbolfantasy.com/partidos/22704-malaga-atletico
22705,osasuna-sevilla,https://www.futbolfantasy.com/partidos/22705-osasuna-sevilla
22706,betis-villarreal,https://www.futbolfantasy.com/partidos/22706-betis-villarreal
22707,real-madrid-valencia,https://www.futbolfantasy.com/partidos/22707-real-madrid-valencia
22708,racing-rayo,https://www.futbolfantasy.com/partidos/22708-racing-rayo
22709,real-sociedad-elche,https://www.futbolfantasy.com/partidos/22709-real-sociedad-elche
22710,atletico-celta,https://www.futbolfantasy.com/partidos/22710-atletico-celta
22711,alaves-athletic,https://www.futbolfantasy.com/partidos/22711-alaves-athletic
22712,deportivo-getafe,https://www.futbolfantasy.com/partidos/22712-deportivo-getafe
22713,elche-malaga,https://www.futbolfantasy.com/partidos/22713-elche-malaga
22714,espanyol-racing,https://www.futbolfantasy.com/partidos/22714-espanyol-racing
22715,barcelona-betis,https://www.futbolfantasy.com/partidos/22715-barcelona-betis
22716,rayo-osasuna,https://www.futbolfantasy.com/partidos/22716-rayo-osasuna
22717,sevilla-real-sociedad,https://www.futbolfantasy.com/partidos/22717-sevilla-real-sociedad
22718,valencia-levante,https://www.futbolfantasy.com/partidos/22718-valencia-levante
22719,villarreal-real-madrid,https://www.futbolfantasy.com/partidos/22719-villarreal-real-madrid
22720,athletic-valencia,https://www.futbolfantasy.com/partidos/22720-athletic-valencia
22721,alaves-sevilla,https://www.futbolfantasy.com/partidos/22721-alaves-sevilla
22722,elche-villarreal,https://www.futbolfantasy.com/partidos/22722-elche-villarreal
22723,barcelona-deportivo,https://www.futbolfantasy.com/partidos/22723-barcelona-deportivo
22724,getafe-real-sociedad,https://www.futbolfantasy.com/partidos/22724-getafe-real-sociedad
22725,malaga-rayo,https://www.futbolfantasy.com/partidos/22725-malaga-rayo
22726,osasuna-celta,https://www.futbolfantasy.com/partidos/22726-osasuna-celta
22727,betis-levante,https://www.futbolfantasy.com/partidos/22727-betis-levante
22728,real-madrid-espanyol,https://www.futbolfantasy.com/partidos/22728-real-madrid-espanyol
22729,racing-atletico,https://www.futbolfantasy.com/partidos/22729-racing-atletico
22730,atletico-getafe,https://www.futbolfantasy.com/partidos/22730-atletico-getafe
22731,celta-real-madrid,https://www.futbolfantasy.com/partidos/22731-celta-real-madrid
22732,espanyol-athletic,https://www.futbolfantasy.com/partidos/22732-espanyol-athletic
22733,levante-osasuna,https://www.futbolfantasy.com/partidos/22733-levante-osasuna
22734,rayo-barcelona,https://www.futbolfantasy.com/partidos/22734-rayo-barcelona
22735,racing-betis,https://www.futbolfantasy.com/partidos/22735-racing-betis
22736,real-sociedad-alaves,https://www.futbolfantasy.com/partidos/22736-real-sociedad-alaves
22737,sevilla-elche,https://www.futbolfantasy.com/partidos/22737-sevilla-elche
22738,valencia-deportivo,https://www.futbolfantasy.com/partidos/22738-valencia-deportivo
22739,villarreal-malaga,https://www.futbolfantasy.com/partidos/22739-villarreal-malaga
22740,athletic-racing,https://www.futbolfantasy.com/partidos/22740-athletic-racing
22741,deportivo-villarreal,https://www.futbolfantasy.com/partidos/22741-deportivo-villarreal
22742,elche-alaves,https://www.futbolfantasy.com/partidos/22742-elche-alaves
22743,barcelona-sevilla,https://www.futbolfantasy.com/partidos/22743-barcelona-sevilla
22744,getafe-espanyol,https://www.futbolfantasy.com/partidos/22744-getafe-espanyol
22745,levante-rayo,https://www.futbolfantasy.com/partidos/22745-levante-rayo
22746,malaga-osasuna,https://www.futbolfantasy.com/partidos/22746-malaga-osasuna
22747,betis-celta,https://www.futbolfantasy.com/partidos/22747-betis-celta
22748,real-madrid-atletico,https://www.futbolfantasy.com/partidos/22748-real-madrid-atletico
22749,real-sociedad-valencia,https://www.futbolfantasy.com/partidos/22749-real-sociedad-valencia
22750,atletico-levante,https://www.futbolfantasy.com/partidos/22750-atletico-levante
22751,celta-elche,https://www.futbolfantasy.com/partidos/22751-celta-elche
22752,alaves-betis,https://www.futbolfantasy.com/partidos/22752-alaves-betis
22753,espanyol-malaga,https://www.futbolfantasy.com/partidos/22753-espanyol-malaga
22754,osasuna-real-madrid,https://www.futbolfantasy.com/partidos/22754-osasuna-real-madrid
22755,rayo-real-sociedad,https://www.futbolfantasy.com/partidos/22755-rayo-real-sociedad
22756,racing-barcelona,https://www.futbolfantasy.com/partidos/22756-racing-barcelona
22757,sevilla-deportivo,https://www.futbolfantasy.com/partidos/22757-sevilla-deportivo
22758,valencia-getafe,https://www.futbolfantasy.com/partidos/22758-valencia-getafe
22759,villarreal-athletic,https://www.futbolfantasy.com/partidos/22759-villarreal-athletic
22760,atletico-sevilla,https://www.futbolfantasy.com/partidos/22760-atletico-sevilla
22761,alaves-rayo,https://www.futbolfantasy.com/partidos/22761-alaves-rayo
22762,deportivo-celta,https://www.futbolfantasy.com/partidos/22762-deportivo-celta
22763,elche-osasuna,https://www.futbolfantasy.com/partidos/22763-elche-osasuna
22764,barcelona-espanyol,https://www.futbolfantasy.com/partidos/22764-barcelona-espanyol
22765,getafe-real-madrid,https://www.futbolfantasy.com/partidos/22765-getafe-real-madrid
22766,levante-villarreal,https://www.futbolfantasy.com/partidos/22766-levante-villarreal
22767,malaga-valencia,https://www.futbolfantasy.com/partidos/22767-malaga-valencia
22768,betis-athletic,https://www.futbolfantasy.com/partidos/22768-betis-athletic
22769,real-sociedad-racing,https://www.futbolfantasy.com/partidos/22769-real-sociedad-racing
22770,athletic-deportivo,https://www.futbolfantasy.com/partidos/22770-athletic-deportivo
22771,celta-barcelona,https://www.futbolfantasy.com/partidos/22771-celta-barcelona
22772,espanyol-real-sociedad,https://www.futbolfantasy.com/partidos/22772-espanyol-real-sociedad
22773,getafe-betis,https://www.futbolfantasy.com/partidos/22773-getafe-betis
22774,osasuna-alaves,https://www.futbolfantasy.com/partidos/22774-osasuna-alaves
22775,real-madrid-elche,https://www.futbolfantasy.com/partidos/22775-real-madrid-elche
22776,racing-malaga,https://www.futbolfantasy.com/partidos/22776-racing-malaga
22777,sevilla-levante,https://www.futbolfantasy.com/partidos/22777-sevilla-levante
22778,valencia-rayo,https://www.futbolfantasy.com/partidos/22778-valencia-rayo
22779,villarreal-atletico,https://www.futbolfantasy.com/partidos/22779-villarreal-atletico
22780,atletico-alaves,https://www.futbolfantasy.com/partidos/22780-atletico-alaves
22781,celta-sevilla,https://www.futbolfantasy.com/partidos/22781-celta-sevilla
22782,deportivo-racing,https://www.futbolfantasy.com/partidos/22782-deportivo-racing
22783,elche-espanyol,https://www.futbolfantasy.com/partidos/22783-elche-espanyol
22784,barcelona-osasuna,https://www.futbolfantasy.com/partidos/22784-barcelona-osasuna
22785,levante-real-madrid,https://www.futbolfantasy.com/partidos/22785-levante-real-madrid
22786,malaga-getafe,https://www.futbolfantasy.com/partidos/22786-malaga-getafe
22787,rayo-villarreal,https://www.futbolfantasy.com/partidos/22787-rayo-villarreal
22788,betis-valencia,https://www.futbolfantasy.com/partidos/22788-betis-valencia
22789,real-sociedad-athletic,https://www.futbolfantasy.com/partidos/22789-real-sociedad-athletic
22790,athletic-malaga,https://www.futbolfantasy.com/partidos/22790-athletic-malaga
22791,alaves-levante,https://www.futbolfantasy.com/partidos/22791-alaves-levante
22792,getafe-elche,https://www.futbolfantasy.com/partidos/22792-getafe-elche
22793,osasuna-real-sociedad,https://www.futbolfantasy.com/partidos/22793-osasuna-real-sociedad
22794,rayo-deportivo,https://www.futbolfantasy.com/partidos/22794-rayo-deportivo
22795,betis-espanyol,https://www.futbolfantasy.com/partidos/22795-betis-espanyol
22796,real-madrid-barcelona,https://www.futbolfantasy.com/partidos/22796-real-madrid-barcelona
22797,racing-sevilla,https://www.futbolfantasy.com/partidos/22797-racing-sevilla
22798,valencia-atletico,https://www.futbolfantasy.com/partidos/22798-valencia-atletico
22799,villarreal-celta,https://www.futbolfantasy.com/partidos/22799-villarreal-celta
22800,atletico-rayo,https://www.futbolfantasy.com/partidos/22800-atletico-rayo
22801,deportivo-alaves,https://www.futbolfantasy.com/partidos/22801-deportivo-alaves
22802,elche-athletic,https://www.futbolfantasy.com/partidos/22802-elche-athletic
22803,espanyol-valencia,https://www.futbolfantasy.com/partidos/22803-espanyol-valencia
22804,levante-getafe,https://www.futbolfantasy.com/partidos/22804-levante-getafe
22805,malaga-celta,https://www.futbolfantasy.com/partidos/22805-malaga-celta
22806,osasuna-betis,https://www.futbolfantasy.com/partidos/22806-osasuna-betis
22807,real-madrid-racing,https://www.futbolfantasy.com/partidos/22807-real-madrid-racing
22808,real-sociedad-barcelona,https://www.futbolfantasy.com/partidos/22808-real-sociedad-barcelona
22809,sevilla-villarreal,https://www.futbolfantasy.com/partidos/22809-sevilla-villarreal
22810,alaves-real-madrid,https://www.futbolfantasy.com/partidos/22810-alaves-real-madrid
22811,atletico-athletic,https://www.futbolfantasy.com/partidos/22811-atletico-athletic
22812,celta-real-sociedad,https://www.futbolfantasy.com/partidos/22812-celta-real-sociedad
22813,deportivo-espanyol,https://www.futbolfantasy.com/partidos/22813-deportivo-espanyol
22814,barcelona-malaga,https://www.futbolfantasy.com/partidos/22814-barcelona-malaga
22815,rayo-betis,https://www.futbolfantasy.com/partidos/22815-rayo-betis
22816,racing-levante,https://www.futbolfantasy.com/partidos/22816-racing-levante
22817,sevilla-getafe,https://www.futbolfantasy.com/partidos/22817-sevilla-getafe
22818,valencia-elche,https://www.futbolfantasy.com/partidos/22818-valencia-elche
22819,villarreal-osasuna,https://www.futbolfantasy.com/partidos/22819-villarreal-osasuna
22820,athletic-rayo,https://www.futbolfantasy.com/partidos/22820-athletic-rayo
22821,elche-racing,https://www.futbolfantasy.com/partidos/22821-elche-racing
22822,espanyol-alaves,https://www.futbolfantasy.com/partidos/22822-espanyol-alaves
22823,getafe-barcelona,https://www.futbolfantasy.com/partidos/22823-getafe-barcelona
22824,levante-celta,https://www.futbolfantasy.com/partidos/22824-levante-celta
22825,malaga-sevilla,https://www.futbolfantasy.com/partidos/22825-malaga-sevilla
22826,osasuna-valencia,https://www.futbolfantasy.com/partidos/22826-osasuna-valencia
22827,betis-atletico,https://www.futbolfantasy.com/partidos/22827-betis-atletico
22828,real-madrid-deportivo,https://www.futbolfantasy.com/partidos/22828-real-madrid-deportivo
22829,real-sociedad-villarreal,https://www.futbolfantasy.com/partidos/22829-real-sociedad-villarreal
22887,brentford-chelsea,https://www.futbolfantasy.com/partidos/22887-brentford-chelsea
22888,tottenham-aston-villa,https://www.futbolfantasy.com/partidos/22888-tottenham-aston-villa
22889,brighton-arsenal,https://www.futbolfantasy.com/partidos/22889-brighton-arsenal
22890,everton-ipswich-town,https://www.futbolfantasy.com/partidos/22890-everton-ipswich-town
22891,leeds-united-crystal-palace,https://www.futbolfantasy.com/partidos/22891-leeds-united-crystal-palace
22892,man-city-sunderland,https://www.futbolfantasy.com/partidos/22892-man-city-sunderland
22893,newcastle-hull-city,https://www.futbolfantasy.com/partidos/22893-newcastle-hull-city
22894,nott-forest-coventry-city,https://www.futbolfantasy.com/partidos/22894-nott-forest-coventry-city
22895,bournemouth-liverpool,https://www.futbolfantasy.com/partidos/22895-bournemouth-liverpool
22896,fulham-man-united,https://www.futbolfantasy.com/partidos/22896-fulham-man-united
23260,ceuta-valladolid,https://www.futbolfantasy.com/partidos/23260-ceuta-valladolid
23261,albacete-cordoba,https://www.futbolfantasy.com/partidos/23261-albacete-cordoba
23262,almeria-celta-fortuna,https://www.futbolfantasy.com/partidos/23262-almeria-celta-fortuna
23263,castellon-tenerife,https://www.futbolfantasy.com/partidos/23263-castellon-tenerife
23264,eldense-eibar,https://www.futbolfantasy.com/partidos/23264-eldense-eibar
23265,sabadell-real-oviedo,https://www.futbolfantasy.com/partidos/23265-sabadell-real-oviedo
23266,cadiz-girona,https://www.futbolfantasy.com/partidos/23266-cadiz-girona
23267,andorra-sporting,https://www.futbolfantasy.com/partidos/23267-andorra-sporting
23268,las-palmas-burgos,https://www.futbolfantasy.com/partidos/23268-las-palmas-burgos
23269,leganes-granada,https://www.futbolfantasy.com/partidos/23269-leganes-granada
23270,r-sociedad-b-mallorca,https://www.futbolfantasy.com/partidos/23270-r-sociedad-b-mallorca
23707,milan-lecce,https://www.futbolfantasy.com/partidos/23707-milan-lecce
23708,roma-inter,https://www.futbolfantasy.com/partidos/23708-roma-inter
23709,bologna-torino,https://www.futbolfantasy.com/partidos/23709-bologna-torino
23710,monza-sassuolo,https://www.futbolfantasy.com/partidos/23710-monza-sassuolo
23711,parma-genoa,https://www.futbolfantasy.com/partidos/23711-parma-genoa
23712,udinese-cagliari,https://www.futbolfantasy.com/partidos/23712-udinese-cagliari
23713,venezia-lazio,https://www.futbolfantasy.com/partidos/23713-venezia-lazio
23714,fiorentina-napoli,https://www.futbolfantasy.com/partidos/23714-fiorentina-napoli
23715,frosinone-como,https://www.futbolfantasy.com/partidos/23715-frosinone-como
23716,juventus-atalanta,https://www.futbolfantasy.com/partidos/23716-juventus-atalanta
24254,b-leverkusen-celje,https://www.futbolfantasy.com/partidos/24254-b-leverkusen-celje
24255,hapoel-beer-sheva-d-zagreb,https://www.futbolfantasy.com/partidos/24255-hapoel-beer-sheva-d-zagreb
24256,ararat-armenia-sparta-praga,https://www.futbolfantasy.com/partidos/24256-ararat-armenia-sparta-praga
24257,milan-benfica,https://www.futbolfantasy.com/partidos/24257-milan-benfica
24258,omonia-celta,https://www.futbolfantasy.com/partidos/24258-omonia-celta
24259,olympiacos-jagiellonia,https://www.futbolfantasy.com/partidos/24259-olympiacos-jagiellonia
24260,anderlecht-o-lyon,https://www.futbolfantasy.com/partidos/24260-anderlecht-o-lyon
24261,sturm-graz-stade-rennais,https://www.futbolfantasy.com/partidos/24261-sturm-graz-stade-rennais
24262,sunderland-az,https://www.futbolfantasy.com/partidos/24262-sunderland-az
24263,levski-rb-salzburg,https://www.futbolfantasy.com/partidos/24263-levski-rb-salzburg
24264,ofi-creta-hoffenheim,https://www.futbolfantasy.com/partidos/24264-ofi-creta-hoffenheim
24265,besiktas-o-marsella,https://www.futbolfantasy.com/partidos/24265-besiktas-o-marsella
24266,celtic-ferencvaros,https://www.futbolfantasy.com/partidos/24266-celtic-ferencvaros
24267,crystal-palace-lech,https://www.futbolfantasy.com/partidos/24267-crystal-palace-lech
24268,v-plzen-union-saint-gilloise,https://www.futbolfantasy.com/partidos/24268-v-plzen-union-saint-gilloise
24269,juventus-nec,https://www.futbolfantasy.com/partidos/24269-juventus-nec
24270,lillestrom-torreense,https://www.futbolfantasy.com/partidos/24270-lillestrom-torreense
24271,real-sociedad-bournemouth,https://www.futbolfantasy.com/partidos/24271-real-sociedad-bournemouth
