jugador,equipo,jornada,probabilidad,capturado
Aaron Ndive Mayol Mayol,Valencia,8,50,2026-10-11
Aarón Martín Aarón,Racing,8,30,2026-10-11
Abde Ezzalzouli Abde,Betis,8,60,2026-10-11
Abde Rebbach Rebbach,Alavés,9,70,2026-10-11
Abdel Abqar Abqar,Getafe,9,50,2026-10-11
Abdoulaye Faye Faye,Celta,8,20,2026-10-11
Abel Bretones Bretones,Osasuna,8,50,2026-10-11
Abiel Osorio Osorio,Elche,8,30,2026-10-11
Adam Aznou Aznou,Málaga,9,40,2026-10-11
Adama Traoré A. Traoré,Deportivo,8,30,2026-10-11
Ademola Lookman Lookman,Atlético,9,50,2026-10-11
Adrià Altimira Altimira,Deportivo,8,20,2026-10-11
Adrià Pedrosa Pedrosa,Rayo,9,80,2026-10-11
Adrián Niño Niño,Málaga,9,50,2026-10-11
Adrián Rodríguez Adrián,Alavés,9,5,2026-10-11
Adrián de la Fuente De la Fuente,Levante,8,70,2026-10-11
Aihen Muñoz Aihen,Real Sociedad,8,20,2026-10-11
Aimar Blázquez Blázquez,Valencia,8,20,2026-10-11
Aimar Oroz Oroz,Osasuna,8,0,2026-10-11
Aissa Mandi Mandi,Levante,8,50,2026-10-11
Aitor Fernández Aitor,Osasuna,8,70,2026-10-11
Aitor Mañas Aitor Mañas,Alavés,9,10,2026-10-11
Aitor Paredes Paredes,Athletic,9,30,2026-10-11
Alassane Diatta Diatta,Villarreal,9,0,2026-10-11
Alberto Moleiro Moleiro,Villarreal,9,70,2026-10-11
Aleix Febas Febas,Celta,8,70,2026-10-11
Alejandro Balde Balde,Barcelona,9,10,2026-10-11
Alejandro Catena Catena,Osasuna,8,80,2026-10-11
Alejandro Iturbe Iturbe,Elche,8,30,2026-10-11
Alejandro Rego Rego,Athletic,9,20,2026-10-11
Alemão Alemão,Rayo,9,10,2026-10-11
Alex Freeman Freeman,Villarreal,9,70,2026-10-11
Alex Marchal Marchal,Real Sociedad,8,0,2026-10-11
Alex Padilla Padilla,Athletic,9,5,2026-10-11
Alexander Sorloth Sörloth,Atlético,9,20,2026-10-11
Alfonso González Alfon,Sevilla,8,20,2026-10-11
Alfonso Herrero Herrero,Málaga,9,95,2026-10-11
Ali Houary Ali Houary,Elche,8,10,2026-10-11
Aliou Dieng Dieng,Valencia,8,30,2026-10-11
Altay Bayindir Bayindir,Celta,8,5,2026-10-11
Ander Barrenetxea Barrenetxea,Real Sociedad,8,50,2026-10-11
Ander Guevara Guevara,Alavés,9,30,2026-10-11
Andoni Gorosabel Gorosabel,Espanyol,9,20,2026-10-11
Andreas Christensen A. Christensen,Barcelona,9,0,2026-10-11
Andrei Ratiu Ratiu,Rayo,9,50,2026-10-11
Andriy Lunin Lunin,Real Madrid,9,5,2026-10-11
André Almeida Almeida,Racing,8,30,2026-10-11
Andrés Antañón Antañón,Celta,8,30,2026-10-11
Andrés Castrín Castrín,Sevilla,8,50,2026-10-11
Andrés García Andrés García,Getafe,9,50,2026-10-11
Andrés Martín Andrés Martín,Racing,8,30,2026-10-11
Angel Recio Recio,Málaga,9,70,2026-10-11
Angeliño Angeliño,Deportivo,8,20,2026-10-11
Ante Budimir Budimir,Osasuna,8,90,2026-10-11
Anthony Gordon Gordon,Barcelona,9,60,2026-10-11
Antonio Blanco Blanco,Alavés,9,90,2026-10-11
Antonio Rüdiger Rüdiger,Real Madrid,9,40,2026-10-11
Antonio Sivera Sivera,Alavés,9,95,2026-10-11
Antony Antony,Betis,8,80,2026-10-11
Arda Güler Güler,Real Madrid,9,80,2026-10-11
Arnau Comas Comas,Deportivo,8,0,2026-10-11
Arnau Martínez Arnau,Valencia,8,50,2026-10-11
Arnau Ortiz Ortiz,Atlético,9,20,2026-10-11
Arnaut Danjuma Danjuma,Valencia,8,20,2026-10-11
Arouna Sangante Sangante,Sevilla,8,50,2026-10-11
Arsen Zakharyan Zakharyan,Real Sociedad,8,10,2026-10-11
Asier Osambela Osambela,Osasuna,8,50,2026-10-11
Asier Villalibre Villalibre,Racing,8,30,2026-10-11
Augusto Batalla Batalla,Rayo,9,0,2026-10-11
Aurélien Tchouaméni Tchouaméni,Real Madrid,9,80,2026-10-11
Axel Tape Tape,Levante,8,20,2026-10-11
Aymeric Laporte Laporte,Athletic,9,80,2026-10-11
Ayoze Pérez Ayoze,Villarreal,9,70,2026-10-11
Bernardo Silva Bernardo Silva,Real Madrid,9,30,2026-10-11
Beñat Gerenabarrena Gerenabarrena,Athletic,9,70,2026-10-11
Beñat Prados Prados,Athletic,9,20,2026-10-11
Beñat Turrientes Turrientes,Real Sociedad,8,50,2026-10-11
Bil Nsongo Bil Nsongo,Deportivo,8,80,2026-10-11
Borja Iglesias Iglesias,Celta,8,30,2026-10-11
Borja Mayoral Mayoral,Getafe,9,10,2026-10-11
Boyomo Boyomo,Osasuna,8,30,2026-10-11
Brahim Díaz Brahim,Real Madrid,9,30,2026-10-11
Brian Fariñas Fariñas,Barcelona,9,0,2026-10-11
Bright Ede Ede,Deportivo,8,40,2026-10-11
Bryan Zaragoza Bryan,Espanyol,9,70,2026-10-11
Buba Sangaré Sangaré,Elche,8,50,2026-10-11
Carl Starfelt Starfelt,Celta,8,0,2026-10-11
Carles Aleñá Aleñá,Alavés,9,40,2026-10-11
Carlos Benavidez Protesoni,Alavés,9,30,2026-10-11
Carlos Dotor Dotor,Málaga,9,50,2026-10-11
Carlos Espí Carlos Espí,Real Madrid,9,10,2026-10-11
Carlos López Carlos López,Málaga,9,5,2026-10-11
Carlos Macià Carlos Macià,Villarreal,9,30,2026-10-11
Carlos Puga Puga,Málaga,9,30,2026-10-11
Carlos Romero Romero,Villarreal,9,30,2026-10-11
Carlos Soler Carlos Soler,Real Sociedad,8,70,2026-10-11
Chidera Ejuke Ejuke,Sevilla,8,30,2026-10-11
Chupete Chupete,Málaga,9,70,2026-10-11
Clemens Riedel Riedel,Espanyol,9,60,2026-10-11
Couhaib Driouech Driouech,Celta,8,30,2026-10-11
Cristian Rivero Rivero,Valencia,8,0,2026-10-11
Cristian Romero Romero,Atlético,9,90,2026-10-11
Cucho Hernández Cucho,Betis,8,50,2026-10-11
César Tárrega Tárrega,Valencia,8,40,2026-10-11
Dakonam Djené Djené,Getafe,9,90,2026-10-11
Dani Barcia Barcia,Deportivo,8,0,2026-10-11
Dani Ceballos Ceballos,Betis,8,30,2026-10-11
Dani Cárdenas Cárdenas,Rayo,9,10,2026-10-11
Dani Lorenzo Lorenzo,Málaga,9,70,2026-10-11
Dani Olmo Olmo,Barcelona,9,50,2026-10-11
Dani Requena Requena,Levante,8,20,2026-10-11
Dani Vivian Vivian,Athletic,9,20,2026-10-11
Daniel Raba Raba,Valencia,8,20,2026-10-11
David Hancko Hancko,Atlético,9,70,2026-10-11
David Larrubia Larrubia,Málaga,9,80,2026-10-11
David Mella Mella,Deportivo,8,20,2026-10-11
David Otorbi Otorbi,Valencia,8,40,2026-10-11
David Soria Soria,Getafe,9,95,2026-10-11
Davinchi Davinchi,Getafe,9,30,2026-10-11
Dean Huijsen Huijsen,Real Madrid,9,80,2026-10-11
Denis Suárez Denis Suárez,Alavés,9,50,2026-10-11
Denzel Dumfries Dumfries,Real Madrid,9,50,2026-10-11
Diego Conde Conde,Betis,8,20,2026-10-11
Diego Javier Llorente D. Llorente,Betis,8,50,2026-10-11
Diego Rico Diego Rico,Osasuna,8,50,2026-10-11
Diego Villares Villares,Deportivo,8,30,2026-10-11
Dimitri Foulquier Foulquier,Valencia,8,0,2026-10-11
Dominik Livakovic Livakovic,Barcelona,9,5,2026-10-11
Edu Expósito Edu Expósito,Espanyol,9,80,2026-10-11
Eduardo Camavinga Camavinga,Real Madrid,9,40,2026-10-11
Einar Galilea Galilea,Málaga,9,30,2026-10-11
Emil Audero Audero,Rayo,9,90,2026-10-11
Endrick Endrick,Real Madrid,9,5,2026-10-11
Eneko Jauregi Jauregi,Málaga,9,20,2026-10-11
Enes Ünal Enes Ünal,Getafe,9,50,2026-10-11
Enzo Bardelli Bardeli,Levante,8,70,2026-10-11
Eric Garcia Eric Garcia,Barcelona,9,70,2026-10-11
Ezequiel Ponce Ponce,Elche,8,10,2026-10-11
Facundo Bernal Bernal,Betis,8,50,2026-10-11
Facundo Buonanotte Buonanotte,Elche,8,40,2026-10-11
Facundo González Facu González,Racing,8,20,2026-10-11
Federico Redondo Redondo,Elche,8,0,2026-10-11
Federico Valverde Valverde,Real Madrid,9,90,2026-10-11
Fermín López Fermín,Barcelona,9,50,2026-10-11
Fernando Calero Calero,Málaga,9,70,2026-10-11
Fernando Niño Fer Niño,Elche,8,90,2026-10-11
Ferran Jutglà Jutglà,Celta,8,70,2026-10-11
Filip Ugrinic Ugrinic,Valencia,8,40,2026-10-11
Florian Lejeune Lejeune,Rayo,9,95,2026-10-11
Fran García Fran García,Betis,8,80,2026-10-11
Fran González Fran González,Sevilla,8,5,2026-10-11
Fran Pérez Fran Pérez,Rayo,9,20,2026-10-11
Francho Serrano Francho,Getafe,9,50,2026-10-11
Félix Correia Félix Correia,Sevilla,8,70,2026-10-11
Gabriel Jesus Gabriel Jesús,Barcelona,9,60,2026-10-11
Gabriel Moscardo Moscardo,Espanyol,9,30,2026-10-11
Gabriel Suazo Suazo,Sevilla,8,70,2026-10-11
Georges Mikautadze Mikautadze,Villarreal,9,50,2026-10-11
Georgiy Tsitaishvili Tsitaishvili,Rayo,9,30,2026-10-11
Gerard Martín Martín,Barcelona,9,60,2026-10-11
Gerard Moreno Gerard,Villarreal,9,50,2026-10-11
Germán Parreño,Deportivo,8,0,2026-10-11
Germán Valera Valera,Elche,8,80,2026-10-11
Giacomo Quagliata Quagliata,Deportivo,8,80,2026-10-11
Giorgi Guliashvili Guliashvili,Racing,8,30,2026-10-11
Giorgi Kochorashvili Kochorashvili,Sevilla,8,50,2026-10-11
Giovani Lo Celso Lo Celso,Betis,8,10,2026-10-11
Giuliano Simeone Giuliano,Atlético,9,80,2026-10-11
Gnangoro Bouare Bouare,Rayo,9,20,2026-10-11
Gonzalo Villar Villar,Elche,8,80,2026-10-11
Gonçalo Guedes Guedes,Real Sociedad,8,70,2026-10-11
Gorka Guruzeta Guruzeta,Athletic,9,50,2026-10-11
Grady Diangana Diangana,Elche,8,20,2026-10-11
Guido Rodríguez Guido,Valencia,8,80,2026-10-11
Haitam Abaida Haitam,Málaga,9,10,2026-10-11
Hamza Abdelkarim Abdelkarim,Barcelona,9,10,2026-10-11
Harvey Elliott Elliott,Valencia,8,30,2026-10-11
Hugo Burcio Burcio,Celta,8,30,2026-10-11
Hugo Duro Duro,Valencia,8,70,2026-10-11
Hugo González Hugo González,Celta,8,50,2026-10-11
Hugo Novoa Novoa,Alavés,9,20,2026-10-11
Hugo Rincón Rincón,Athletic,9,20,2026-10-11
Hugo Sotelo Sotelo,Levante,8,10,2026-10-11
Hugo Álvarez Hugo Álvarez,Celta,8,70,2026-10-11
Héctor Bellerín Bellerín,Betis,8,70,2026-10-11
Héctor Fort Fort,Real Sociedad,8,20,2026-10-11
Iago Aspas Aspas,Celta,8,10,2026-10-11
Ibrahima Konaté Konaté,Real Madrid,9,70,2026-10-11
Ifeanyi Ndukwe Ndukwe,Levante,8,50,2026-10-11
Igor Zubeldia Zubeldia,Real Sociedad,8,40,2026-10-11
Iker Córdoba Córdoba,Valencia,8,10,2026-10-11
Iker Losada Losada,Betis,8,0,2026-10-11
Iker Luque Luque,Racing,8,20,2026-10-11
Iker Muñoz Iker Muñoz,Osasuna,8,70,2026-10-11
Ilaix Moriba Moriba,Celta,8,80,2026-10-11
Ilias Akhomach Akhomach,Villarreal,9,70,2026-10-11
Ionut Radu Radu,Celta,8,95,2026-10-11
Isaac Romero Romero,Sevilla,8,30,2026-10-11
Isco Alarcón Isco,Betis,8,70,2026-10-11
Isi Palazón Isi,Rayo,9,50,2026-10-11
Iván Azón Iván Azón,Getafe,9,70,2026-10-11
Iván Balliu Balliu,Rayo,9,50,2026-10-11
Iván Martín Iván Martín,Racing,8,80,2026-10-11
Iván Romero Iván Romero,Levante,8,70,2026-10-11
Iván Villar Iván Villar,Celta,8,0,2026-10-11
Izan Merino Merino,Málaga,9,30,2026-10-11
Iñaki Williams I. Williams,Athletic,9,80,2026-10-11
Iñigo Arguibide Arguibide,Osasuna,8,70,2026-10-11
Iñigo Vicente Iñigo Vicente,Racing,8,80,2026-10-11
Jan Oblak Oblak,Atlético,9,95,2026-10-11
Javi Galán Galán,Celta,8,30,2026-10-11
Javi Guerra Javi Guerra,Valencia,8,80,2026-10-11
Javi Morcillo Morcillo,Elche,8,80,2026-10-11
Javi Puado Puado,Espanyol,9,0,2026-10-11
Javi Rodríguez Javi Rodríguez,Celta,8,50,2026-10-11
Javi Rueda Rueda,Celta,8,50,2026-10-11
Javier Hernández Javier Hernández,Espanyol,9,80,2026-10-11
Jean Ives Valou Valou,Getafe,9,20,2026-10-11
Jeanuël Belocian Belocian,Racing,8,50,2026-10-11
Jens Cajuste Cajuste,Málaga,9,0,2026-10-11
Jeremy Toljan Toljan,Levante,8,50,2026-10-11
Jesús Areso Areso,Athletic,9,70,2026-10-11
Jesús Vázquez Jesús Vázquez,Valencia,8,30,2026-10-11
Jiri Letácek Letácek,Getafe,9,5,2026-10-11
Joan Garcia Joan Garcia,Barcelona,9,95,2026-10-11
Joao Cancelo Cancelo,Barcelona,9,50,2026-10-11
Joaquín Muñoz Joaquín,Málaga,9,50,2026-10-11
Job Ochieng Ochieng,Real Sociedad,8,40,2026-10-11
Jofre Carreras Jofre,Espanyol,9,0,2026-10-11
Johan Mojica Mojica,Getafe,9,80,2026-10-11
Johaneko Louis-Jean Johaneko,Athletic,9,30,2026-10-11
Johnny Cardoso Cardoso,Atlético,9,50,2026-10-11
Jon Ander Olasagasti Olasagasti,Levante,8,90,2026-10-11
Jon Aramburu Aramburu,Real Sociedad,8,50,2026-10-11
Jon Gorrotxategi Gorrotxategi,Real Sociedad,8,40,2026-10-11
Jon Guridi Guridi,Sevilla,8,40,2026-10-11
Jon Martín Jon Martín,Real Sociedad,8,80,2026-10-11
Jon Moncayola Moncayola,Osasuna,8,90,2026-10-11
Jon Pacheco Pacheco,Real Sociedad,8,0,2026-10-11
Jonathan Asp Jensen Asp Jensen,Deportivo,8,50,2026-10-11
Jonathan David Jonathan David,Atlético,9,70,2026-10-11
Jonathan Dubasin Dubasin,Osasuna,8,30,2026-10-11
Jones El-Abdellaoui El-Abdellaoui,Celta,8,0,2026-10-11
Jonny Castro Jonny,Alavés,9,70,2026-10-11
Jorge Cabello Jorge Cabello,Levante,8,10,2026-10-11
Jorge Herrando Herrando,Osasuna,8,0,2026-10-11
Jorge Salinas Salinas,Racing,8,70,2026-10-11
Jorge de Frutos De Frutos,Rayo,9,80,2026-10-11
Josan Ferrández Josan,Elche,8,10,2026-10-11
José Antonio Morante Morante,Betis,8,0,2026-10-11
José Gayà Gayà,Valencia,8,70,2026-10-11
José María Giménez Giménez,Deportivo,8,70,2026-10-11
José Salinas Salinas,Málaga,9,50,2026-10-11
José Ángel Carmona Carmona,Sevilla,8,20,2026-10-11
Jozhua Vertrouwd Vertrouwd,Rayo,9,30,2026-10-11
Juan Berrocal Berrocal,Málaga,9,30,2026-10-11
Juan Carlos Arana Arana,Racing,8,10,2026-10-11
Juan Cruz Juan Cruz,Málaga,9,30,2026-10-11
Juan Foyth Foyth,Villarreal,9,60,2026-10-11
Juan Iglesias Iglesias,Sevilla,8,90,2026-10-11
Juan Musso Musso,Atlético,9,5,2026-10-11
Jude Bellingham Bellingham,Real Madrid,9,80,2026-10-11
Julen Agirrezabala Agirrezabala,Racing,8,95,2026-10-11
Julen Lobete Lobete,Málaga,9,0,2026-10-11
Jules Koundé Koundé,Barcelona,9,50,2026-10-11
Julio Díaz Julio Díaz,Sevilla,8,30,2026-10-11
Julián Álvarez Alvarez,Atlético,9,30,2026-10-11
Junior Firpo Junior,Betis,8,0,2026-10-11
Justin de Haas De Haas,Valencia,8,70,2026-10-11
Kang-In Lee Kang-In Lee,Atlético,9,50,2026-10-11
Karim Adeyemi Adeyemi,Barcelona,9,50,2026-10-11
Karl Etta Eyong Etta Eyong,Levante,8,10,2026-10-11
Kayne van Oevelen Van Oevelen,Valencia,8,5,2026-10-11
Kevin Sánchez Kevin Sánchez,Deportivo,8,0,2026-10-11
Kike Barja Kike Barja,Osasuna,8,30,2026-10-11
Kike Salas Kike Salas,Sevilla,8,90,2026-10-11
Kiko Femenia Femenia,Getafe,9,70,2026-10-11
Koke Resurrección Koke,Atlético,9,50,2026-10-11
Kylian Mbappé Mbappé,Real Madrid,9,95,2026-10-11
Lamine Yamal Yamal,Barcelona,9,90,2026-10-11
Laro Gómez Laro Gómez,Racing,8,0,2026-10-11
Leandro Cabrera Cabrera,Espanyol,9,90,2026-10-11
Leo Román Leo Román,Deportivo,8,95,2026-10-11
Logan Costa Logan Costa,Villarreal,9,20,2026-10-11
Lorenzo Amatucci Amatucci,Deportivo,8,80,2026-10-11
Lucas Boyé Boyé,Alavés,9,90,2026-10-11
Lucas Cepeda Cepeda,Elche,8,50,2026-10-11
Lucas Noubi Noubi,Deportivo,8,50,2026-10-11
Lucas Stassin Stassin,Sevilla,8,30,2026-10-11
Lucas Torró Torró,Osasuna,8,30,2026-10-11
Lucien Agoume Agoume,Sevilla,8,80,2026-10-11
Luis Rioja Rioja,Valencia,8,0,2026-10-11
Luismi Cruz Luismi,Deportivo,8,80,2026-10-11
Luiz Felipe Luiz Felipe,Rayo,9,0,2026-10-11
Luiz Junior Luiz Junior,Villarreal,9,10,2026-10-11
Luka Sucic L. Sucic,Real Sociedad,8,70,2026-10-11
Luken Beitia Beitia,Real Sociedad,8,50,2026-10-11
Maguette Gueye Maguette,Racing,8,20,2026-10-11
Mamadou Sarr M. Sarr,Real Sociedad,8,50,2026-10-11
Manu Bueno Manu Bueno,Sevilla,8,0,2026-10-11
Manu González Manu González,Betis,8,0,2026-10-11
Manu Hernando Hernando,Racing,8,30,2026-10-11
Manu Sánchez Manu Sánchez,Levante,8,80,2026-10-11
Marash Kumbulla Kumbulla,Rayo,9,10,2026-10-11
Marc Aguado Aguado,Elche,8,30,2026-10-11
Marc Bartra Bartra,Betis,8,30,2026-10-11
Marc Bernal Bernal,Barcelona,9,30,2026-10-11
Marc Casadó Casadó,Deportivo,8,0,2026-10-11
Marc Cucurella Cucurella,Real Madrid,9,50,2026-10-11
Marc Pubill Pubill,Atlético,9,50,2026-10-11
Marc Roca Marc Roca,Betis,8,50,2026-10-11
Marc Santos Marc Santos,Levante,8,20,2026-10-11
Marcos Alonso M. Alonso,Celta,8,80,2026-10-11
Marcos Fernández Marcos,Espanyol,9,30,2026-10-11
Marcos Llorente M. Llorente,Atlético,9,90,2026-10-11
Marcão Marcão,Sevilla,8,0,2026-10-11
Mariano Díaz Mariano,Alavés,9,50,2026-10-11
Mario Martín Mario Martín,Getafe,9,70,2026-10-11
Mario Soriano Mario,Deportivo,8,80,2026-10-11
Marko Dmitrovic Dmitrovic,Espanyol,9,50,2026-10-11
Maroan Sannadi Sannadi,Athletic,9,30,2026-10-11
Martim Neto Martim Neto,Elche,8,30,2026-10-11
Martín Satriano Satriano,Getafe,9,70,2026-10-11
Mathew Ryan Ryan,Levante,8,95,2026-10-11
Matia Barzic Barzic,Elche,8,0,2026-10-11
Matteo Prati Prati,Racing,8,70,2026-10-11
Matías Dituro Dituro,Elche,8,70,2026-10-11
Miguel Loureiro Loureiro,Deportivo,8,50,2026-10-11
Miguel Rodríguez Miguel,Alavés,9,10,2026-10-11
Miguel Román Román,Celta,8,0,2026-10-11
Miguel Sierra Sierra,Sevilla,8,80,2026-10-11
Mikel Jauregizar Jauregizar,Athletic,9,40,2026-10-11
Mikel Oyarzabal Oyarzabal,Real Sociedad,8,90,2026-10-11
Moi Gómez Moi Gómez,Osasuna,8,50,2026-10-11
Morten Hjulmand Hjulmand,Atlético,9,30,2026-10-11
Mouctar Diakhaby Diakhaby,Valencia,8,50,2026-10-11
Mujaid Sadick Mujaid,Rayo,9,70,2026-10-11
Nacho Pérez Nacho Pérez,Levante,8,50,2026-10-11
Nahuel Tenaglia Tenaglia,Alavés,9,90,2026-10-11
Natan Natan,Betis,8,90,2026-10-11
Nathan-Dylan Saliba Saliba,Villarreal,9,70,2026-10-11
Nelson Deossa Deossa,Betis,8,30,2026-10-11
Nemanja Gudelj Gudelj,Getafe,9,80,2026-10-11
Nico Guillén Guillén,Sevilla,8,0,2026-10-11
Nico Serrano Serrano,Athletic,9,10,2026-10-11
Nico Williams N. Williams,Athletic,9,10,2026-10-11
Nicolas Pépé Pépé,Villarreal,9,10,2026-10-11
Nicolás Valentini Valentini,Alavés,9,70,2026-10-11
Obed Vargas Vargas,Atlético,9,0,2026-10-11
Odysseas Vlachodimos Vlachodimos,Sevilla,8,95,2026-10-11
Oihan Sancet Sancet,Athletic,9,0,2026-10-11
Omar El Hilali El Hilali,Espanyol,9,80,2026-10-11
Orel Mangala Mangala,Getafe,9,50,2026-10-11
Oriol Rey Oriol Rey,Levante,8,80,2026-10-11
Orri Steinn Óskarsson Óskarsson,Real Sociedad,8,0,2026-10-11
Pablo Barrios Barrios,Atlético,9,60,2026-10-11
Pablo Campos Cuñat Campos,Levante,8,5,2026-10-11
Pablo Durán Durán,Celta,8,40,2026-10-11
Pablo Fornals Fornals,Betis,8,80,2026-10-11
Pablo García Pablo García,Racing,8,60,2026-10-11
Pablo Gavi Gavi,Barcelona,9,30,2026-10-11
Pablo Ibáñez Ibáñez,Alavés,9,80,2026-10-11
Pablo Maffeo Maffeo,Valencia,8,60,2026-10-11
Pablo Martínez Pablo Martínez,Málaga,9,70,2026-10-11
Pablo Marín Marín,Real Sociedad,8,30,2026-10-11
Pablo Ramón Pablo Ramón,Racing,8,70,2026-10-11
Paco Cortés Cortés,Levante,8,30,2026-10-11
Pape Gueye Pape Gueye,Villarreal,9,50,2026-10-11
Pathé Ciss Pathé Ciss,Rayo,9,80,2026-10-11
Pau Cubarsí Cubarsí,Barcelona,9,80,2026-10-11
Pau Navarro Pau Navarro,Villarreal,9,50,2026-10-11
Pedri González Pedri,Barcelona,9,80,2026-10-11
Pedro Bigas Bigas,Elche,8,50,2026-10-11
Pedro Díaz Pedro Díaz,Rayo,9,50,2026-10-11
Pedro Felipe Pedro Felipe,Racing,8,50,2026-10-11
Peio Canales Canales,Athletic,9,70,2026-10-11
Pelayo Fernández Pelayo,Rayo,9,5,2026-10-11
Pepelu Pepelu,Valencia,8,70,2026-10-11
Peque Peque,Sevilla,8,30,2026-10-11
Pere Milla Pere Milla,Espanyol,9,20,2026-10-11
Petar Ratkov Ratkov,Levante,8,30,2026-10-11
Pierre-Emerick Aubameyang Aubameyang,Deportivo,8,0,2026-10-11
Pol Lozano Lozano,Espanyol,9,50,2026-10-11
Péter Gulácsi Gulacsi,Villarreal,9,90,2026-10-11
Quilindschy Hartman Hartman,Espanyol,9,70,2026-10-11
Rafa Garrido Rafita,Málaga,9,80,2026-10-11
Rafa Rodríguez Rafa Rodríguez,Málaga,9,50,2026-10-11
Rafel Bauzà Bauzà,Espanyol,9,0,2026-10-11
Ramón Enríquez Enríquez,Málaga,9,10,2026-10-11
Ramón Terrats Terrats,Getafe,9,80,2026-10-11
Randy Nteka Nteka,Rayo,9,10,2026-10-11
Raphinha Raphinha,Barcelona,9,40,2026-10-11
Raul Moro Raul Moro,Osasuna,8,0,2026-10-11
Rayane Belaid Rayane,Rayo,9,10,2026-10-11
Raúl Asencio Asencio,Real Madrid,9,0,2026-10-11
Raúl García Raúl García,Osasuna,8,20,2026-10-11
Renato Veiga Veiga,Villarreal,9,80,2026-10-11
Riki Rodríguez Riki,Deportivo,8,50,2026-10-11
Robbie Ure Ure,Sevilla,8,50,2026-10-11
Robert Navarro Navarro,Athletic,9,60,2026-10-11
Roberto Fernández Roberto,Espanyol,9,90,2026-10-11
Robin Le Normand Le Normand,Atlético,9,40,2026-10-11
Rockson Yeboah Yeboah,Osasuna,8,30,2026-10-11
Rodri Hernández Rodri,Barcelona,9,70,2026-10-11
Rodrigo Mendoza Mendoza,Atlético,9,10,2026-10-11
Rodrigo Riquelme Riquelme,Betis,8,40,2026-10-11
Roger Brugué Brugui,Levante,8,70,2026-10-11
Roger Hinojo Hinojo,Espanyol,9,30,2026-10-11
Romain Del Castillo Del Castillo,Osasuna,8,0,2026-10-11
Roy Revivo Revivo,Elche,8,80,2026-10-11
Rubén García Rubén G.,Osasuna,8,80,2026-10-11
Rubén Sánchez Rubén Sánchez,Elche,8,50,2026-10-11
Rubén Vargas Vargas,Sevilla,8,10,2026-10-11
Ryunosuke Sato Sato,Valencia,8,50,2026-10-11
Saba Sazonov Sazonov,Getafe,9,20,2026-10-11
Santi Comesaña Comesaña,Villarreal,9,50,2026-10-11
Santiago Mouriño Mouriño,Villarreal,9,30,2026-10-11
Sebastián Boselli Boselli,Getafe,9,40,2026-10-11
Sebastián Cáceres Cáceres,Celta,8,50,2026-10-11
Sergi Cardona S. Cardona,Villarreal,9,70,2026-10-11
Sergio Camello Camello,Rayo,9,90,2026-10-11
Sergio Canales Canales,Racing,8,90,2026-10-11
Sergio Carreira Carreira,Celta,8,50,2026-10-11
Sergio Gómez Sergio Gómez,Real Sociedad,8,80,2026-10-11
Sergio Herrera Herrera,Osasuna,8,30,2026-10-11
Simon Eriksson Eriksson,Racing,8,5,2026-10-11
Stole Dimitrievski Dimitrievski,Valencia,8,95,2026-10-11
Tajon Buchanan Buchanan,Villarreal,9,30,2026-10-11
Takefusa Kubo Kubo,Real Sociedad,8,40,2026-10-11
Tani Oluwaseyi Oluwaseyi,Villarreal,9,20,2026-10-11
Tete Morente Tete Morente,Elche,8,50,2026-10-11
Thiago Fernández Thiago,Levante,8,60,2026-10-11
Thiago Pitarch Thiago,Real Madrid,9,0,2026-10-11
Thibaut Courtois Courtois,Real Madrid,9,95,2026-10-11
Thomas Lemar Lemar,Elche,8,50,2026-10-11
Toni Martinez Toni Martinez,Alavés,9,60,2026-10-11
Trent Alexander-Arnold Alexander-Arnold,Real Madrid,9,50,2026-10-11
Troy Parrott Parrott,Betis,8,50,2026-10-11
Tyrhys Dolan Dolan,Espanyol,9,70,2026-10-11
Umar Sadiq Sadiq,Valencia,8,0,2026-10-11
Unai López Unai López,Rayo,9,80,2026-10-11
Unai Marrero Marrero,Real Sociedad,8,20,2026-10-11
Unai Núñez U. Núñez,Espanyol,9,30,2026-10-11
Unai Santos Unai Santos,Osasuna,8,70,2026-10-11
Unai Simón Unai Simón,Athletic,9,95,2026-10-11
Urko González de Zarate Urko,Espanyol,9,40,2026-10-11
Valentin Rosier Rosier,Osasuna,8,30,2026-10-11
Valentín Gómez Valentín Gómez,Betis,8,40,2026-10-11
Vanja Drkusic Drkusic,Espanyol,9,30,2026-10-11
Ville Koski Koski,Alavés,9,80,2026-10-11
Vinicius Junior Vinicius,Real Madrid,9,0,2026-10-11
Víctor Chust Chust,Elche,8,80,2026-10-11
Víctor García Víctor García,Levante,8,40,2026-10-11
Williot Swedberg Swedberg,Celta,8,50,2026-10-11
Wojciech Szczesny Szczesny,Barcelona,9,0,2026-10-11
Xanet Oláiz Oláiz,Alavés,9,30,2026-10-11
Xavi Espart Espart,Barcelona,9,50,2026-10-11
Ximo Navarro Ximo,Deportivo,8,80,2026-10-11
Yan Diomande Y. Diomande,Real Madrid,9,70,2026-10-11
Yangel Herrera Herrera,Real Sociedad,8,50,2026-10-11
Yanis Musuayi Musuayi,Levante,8,20,2026-10-11
Yassir Zabiri Zabiri,Racing,8,60,2026-10-11
Yeray Álvarez Yeray,Athletic,9,70,2026-10-11
Yeremay Hernández Yeremay,Deportivo,8,70,2026-10-11
Yoel Lago Lago,Celta,8,70,2026-10-11
Youssef Enríquez Youssef,Alavés,9,30,2026-10-11
Youssouf Fofana Fofana,Sevilla,8,80,2026-10-11
Yuri Berchiche Yuri,Athletic,9,80,2026-10-11
Zaid Romero Romero,Getafe,9,50,2026-10-11
Zakaria Eddahchouri Eddahchouri,Deportivo,8,0,2026-10-11
Álex Baena Baena,Atlético,9,70,2026-10-11
Álex Berenguer Berenguer,Athletic,9,60,2026-10-11
Álex Calatrava Calatrava,Espanyol,9,30,2026-10-11
Álex Grimaldo Grimaldo,Atlético,9,70,2026-10-11
Álex Pastor Pastor,Málaga,9,10,2026-10-11
Álex Remiro Remiro,Real Sociedad,8,80,2026-10-11
Álvaro Djaló Djaló,Athletic,9,10,2026-10-11
Álvaro F. Carreras A. F. Carreras,Real Madrid,9,50,2026-10-11
Álvaro Fernández Álvaro,Deportivo,8,5,2026-10-11
Álvaro Fidalgo Fidalgo,Betis,8,10,2026-10-11
Álvaro García Álvaro García,Rayo,9,70,2026-10-11
Álvaro Mantilla Mantilla,Racing,8,80,2026-10-11
Álvaro Núñez Á. Núñez,Celta,8,40,2026-10-11
Álvaro Valles Valles,Betis,8,80,2026-10-11
Ángel Fortuño Fortuño,Espanyol,9,50,2026-10-11
Ángel Ortiz Ortiz,Betis,8,30,2026-10-11
Ángel Pérez Ángel Pérez,Alavés,9,0,2026-10-11
Íñigo Ruiz de Galarreta R. de Galarreta,Athletic,9,70,2026-10-11
Íñigo Sainz-Maza Sainz-Maza,Racing,8,10,2026-10-11
Óscar Valentín Valentín,Rayo,9,30,2026-10-11
